packet	kind	file	symbol	fingerprint	retail_addresses	disposition	evidence
1b	definition	Source/ElysiumUE/Private/Substrate/ElysiumNpcKernelAnim.cpp	FElysiumNpc::StudioFrameAdvanceHumanoid	FElysiumNpc::StudioFrameAdvanceHumanoid(float Interval)	1025e4e0	deleted	dead no-instance CAI_BaseHumanoid#250; no prod caller
1b	declaration	Source/ElysiumUE/Private/Substrate/ElysiumNpcKernelAnim.inl	StudioFrameAdvanceHumanoid	float StudioFrameAdvanceHumanoid(float Interval);	1025e4e0	deleted	decl of deleted body
1b	definition	Source/ElysiumUE/Private/Substrate/ElysiumNpcKernelAnim10.cpp	FElysiumNpc::BaseHumanoidSetModel	FElysiumNpc::BaseHumanoidSetModel(TCHAR* ModelName)	1025e510	deleted	dead no-instance CAI_BaseHumanoid#105
1b	arm	Source/ElysiumUE/Private/Substrate/ElysiumNpcKernelAnim10.cpp	FElysiumNpc::SetModelSpecies	{ GAnim10Body_BaseHumanoidSetModel, TEXT("CAI_BaseHumanoid"),	1025e510	deleted	dead arm in live slot-105 dispatcher; SetModelSpecies kept
1b	storage	Source/ElysiumUE/Private/Substrate/ElysiumNpcKernelAnim10.cpp	FAnim10SetModelArm::Body	void (FElysiumNpc::*Body)(TCHAR*) = nullptr;	1025e510	deleted	member pointer served only the humanoid arm; remaining arms call ZombieLineSetModel
1b	constant	Source/ElysiumUE/Private/Substrate/ElysiumNpcKernelAnim10.cpp	GAnim10Body_BaseHumanoidSetModel	constexpr TCHAR GAnim10Body_BaseHumanoidSetModel[] = TEXT("0x1025e510");	1025e510	deleted	used only by the deleted arm
1b	constant	Source/ElysiumUE/Private/Substrate/ElysiumNpcKernelAnim10.cpp	GAnim10PoseParamNames;GAnim10PoseParamFlexFirst	const TCHAR* const GAnim10PoseParamNames[] = {	1025e510	deleted	read only by BaseHumanoidSetModel/HumanoidPoseParamName
1b	definition	Source/ElysiumUE/Private/Substrate/ElysiumNpcKernelAnim10.cpp	FElysiumNpc::HumanoidPoseParamName	FElysiumNpc::HumanoidPoseParamName(int32 Index)	1025e510	deleted	test-only accessor of the dead table
1b	storage	Source/ElysiumUE/Private/Substrate/ElysiumNpcKernelAnim10.inl	HumanoidPoseParams;NumHumanoidPoseParams	int32 HumanoidPoseParams[NumHumanoidPoseParams] = {};	1025e510;1025efc0	deleted	CAI_BaseHumanoid words +0x5fb8..+0x601c; no live reader; no binding
1b	declaration	Source/ElysiumUE/Private/Substrate/ElysiumNpcKernelAnim10.inl	BaseHumanoidSetModel;HumanoidPoseParamName	void BaseHumanoidSetModel(TCHAR* ModelName);	1025e510	deleted	decls of deleted bodies
1b	definition	Source/ElysiumUE/Private/Substrate/ElysiumNpcKernelAnim10.cpp	FElysiumNpc::ExpressiveNpcSpeak	FElysiumNpc::ExpressiveNpcSpeak(int32 ConceptId, const TCHAR* Modifier)	10260dc0	deleted	reached only from Slot584Species
1b	definition	Source/ElysiumUE/Private/Substrate/ElysiumNpcKernelAnim10.cpp	FElysiumNpc::Slot584Species	FElysiumNpc::Slot584Species(int32 ConceptId)	10260dc0	deleted	dead no-instance CAI_BaseHumanoid#584/CAI_ExpressiveNPC#584; this is the real 0x10260dc0 port identity (step-0 inventory labelled it Slot584)
1b	constant	Source/ElysiumUE/Private/Substrate/ElysiumNpcKernelAnim10.cpp	GAnim10SlotExpresserSpeak;GAnim10Body_ExpresserSpeak	constexpr TCHAR GAnim10Body_ExpresserSpeak[] = TEXT("0x10260dc0");	10260dc0	deleted	used only by Slot584Species
1b	storage	Source/ElysiumUE/Private/Substrate/ElysiumNpcKernelAnim10.inl	FExpresserSpeak;ExpresserSpeaks	TArray<FExpresserSpeak> ExpresserSpeaks;	10260dc0	deleted	port-only record of the dead body
1b	declaration	Source/ElysiumUE/Private/Substrate/ElysiumNpcKernelAnim10.inl	ExpressiveNpcSpeak;Slot584Species	bool Slot584Species(int32 ConceptId);	10260dc0	deleted	decls of deleted bodies
1b	arm	Source/ElysiumUE/Private/Substrate/ElysiumNpcKernelClosure.cpp	FElysiumNpc::Slot584	if (Slot584Species(Unused))	10260dc0	deleted	dead species prologue; Slot584 kept
1b	definition	Source/ElysiumUE/Private/Substrate/ElysiumNpcKernelClosure.cpp	FElysiumNpc::Slot584	FElysiumNpc::Slot584(int32 Unused)	1028d910	kept-live	live Troika ResetAllThinkStamps (0x1028d910)
1b	definition	Source/ElysiumUE/Private/Substrate/ElysiumNpcKernelAnim10_2.cpp	FElysiumNpc::BaseHumanoidMaintainEyeDirection	FElysiumNpc::BaseHumanoidMaintainEyeDirection(float Interval)	1025fa50	deleted	dead no-instance CAI_BaseHumanoid#333; no prod caller; the real 0x1025fa50 port identity (step-0 inventory labelled it MaintainEyeDirectionCyclerArm)
1b	definition	Source/ElysiumUE/Private/Substrate/ElysiumNpcKernelAnim10_2.cpp	FElysiumNpc::MaintainEyeDirectionCyclerArm	FElysiumNpc::MaintainEyeDirectionCyclerArm()	1025fa50	deleted	helper arm of 0x1025fa50 only
1b	definition	Source/ElysiumUE/Private/Substrate/ElysiumNpcKernelAnim10_2.cpp	FElysiumNpc::ClearHeadPoseParameters	FElysiumNpc::ClearHeadPoseParameters()	1025efc0	deleted	uncensused helper called only by 0x1025fa50
1b	constant	Source/ElysiumUE/Private/Substrate/ElysiumNpcKernelAnim10_2.cpp	GAnim10_2 look/blink/cycler constants (0x1025fa50 .rdata block)	constexpr double GAnim10_2LookDotFloor = -0.5;	1025fa50	deleted	read only by the deleted body
1b	storage	Source/ElysiumUE/Private/Substrate/ElysiumNpcKernelAnim10.inl	HumanoidHeadVector;HumanoidBlinkToggleTime;FlexToggleWord	FVector HumanoidHeadVector = FVector::ZeroVector;	1025fa50	deleted	words written/read only by 0x1025fa50; no binding
1b	declaration	Source/ElysiumUE/Private/Substrate/ElysiumNpcKernelAnim10.inl	BaseHumanoidMaintainEyeDirection;MaintainEyeDirectionCyclerArm;ClearHeadPoseParameters	void BaseHumanoidMaintainEyeDirection(float Interval);	1025fa50;1025efc0	deleted	decls of deleted bodies
1b	definition	Source/ElysiumUE/Private/Substrate/ElysiumNpcKernelBaseHelpers.cpp	FElysiumNpc::FUN_1025e780	FElysiumNpc::FUN_1025e780(const FVector& ViewTarget)	1025e780	deleted	dead prologue + call into SetViewtarget; 0x100b5b00 has its own port home FElysiumNpc::SetViewtarget (Facing.cpp), kept
1b	definition	Source/ElysiumUE/Private/Substrate/ElysiumNpcKernelBaseHelpers.cpp	FElysiumNpc::HasActiveLookTargets	FElysiumNpc::HasActiveLookTargets() const	1025f1a0	deleted	dead no-instance; only caller 0x1025fa50 dead
1b	definition	Source/ElysiumUE/Private/Substrate/ElysiumNpcKernelBaseHelpers.cpp	FElysiumNpc::ValidHeadTargetBaseActor	FElysiumNpc::ValidHeadTargetBaseActor(const FVector& LookTargetPosCm) const	1025ea00	deleted	dead no-instance; no prod caller
1b	definition	Source/ElysiumUE/Private/Substrate/ElysiumNpcKernelBaseHelpers.cpp	FElysiumNpc::SelectRandomExpressionForState	FElysiumNpc::SelectRandomExpressionForState(int32 NpcState) const	10260540	deleted	dead no-instance; no prod caller
1b	definition	Source/ElysiumUE/Private/Substrate/ElysiumNpcKernelBaseHelpers.cpp	FElysiumNpc::SetExpression	FElysiumNpc::SetExpression(const FString& SceneName)	10260670	deleted	dead: called only from 0x10260630 (dead); no port caller
1b	definition	Source/ElysiumUE/Private/Substrate/ElysiumNpcKernelBaseHelpers.cpp	FElysiumNpc::ClearExpression	FElysiumNpc::ClearExpression()	10260750	deleted	dead: called only from 0x10260670
1b	constant	Source/ElysiumUE/Private/Substrate/ElysiumNpcKernelBaseHelpers.cpp	GDatValidHeadTargetDotMin	constexpr double GDatValidHeadTargetDotMin = -0.5;	1025ea00	deleted	read only by ValidHeadTargetBaseActor
1b	storage	Source/ElysiumUE/Private/Substrate/ElysiumNpcKernelBaseHelpers.inl	LatchedPositions;ExpressionScene;ExpressionSceneEnt;ExpressionOverride;IdleExpression;CombatExpression;AlertExpression;DeathExpression	int32 LatchedPositions = 0;               // +0x5f4c CAI_BaseActor::m_fLatchedPositions	1025e780;10260540;10260670;10260750	deleted	CAI_BaseActor words read only by deleted bodies; no binding (ShapeMap +0x5f44..+0x5fbc rows are Troika-line _IMPLICIT outputs, untouched)
1b	declaration	Source/ElysiumUE/Private/Substrate/ElysiumNpcKernelBaseHelpers.inl	FUN_1025e780;HasActiveLookTargets;ValidHeadTargetBaseActor;SelectRandomExpressionForState;SetExpression;ClearExpression	void FUN_1025e780(const FVector& ViewTarget);	1025e780;1025f1a0;1025ea00;10260540;10260670;10260750	deleted	decls of deleted bodies
1b	definition	Source/ElysiumUE/Private/Substrate/ElysiumNpcKernelFacing.cpp	FElysiumNpc::SetHeadDirectionHumanoid	FElysiumNpc::SetHeadDirectionHumanoid(const FVector& LookTarget, float Interval)	1025eaf0	deleted	dead; callers only 0x1025fa50
1b	definition	Source/ElysiumUE/Private/Substrate/ElysiumNpcKernelFacing.cpp	FElysiumNpc::RefreshHumanoidHeadCache	FElysiumNpc::RefreshHumanoidHeadCache() const	1025e7b0	deleted	uncensused helper of the dead humanoid readers
1b	definition	Source/ElysiumUE/Private/Substrate/ElysiumNpcKernelFacing.cpp	FElysiumNpc::HeadDirection3DHumanoid	FElysiumNpc::HeadDirection3DHumanoid() const	1025f160	deleted	dead; callers dead
1b	definition	Source/ElysiumUE/Private/Substrate/ElysiumNpcKernelFacing.cpp	FElysiumNpc::HeadDirection2DHumanoid	FElysiumNpc::HeadDirection2DHumanoid() const	1025f0f0	deleted	dead; only caller was the RetailHeadDirection humanoid arm
1b	definition	Source/ElysiumUE/Private/Substrate/ElysiumNpcKernelFacing.cpp	FElysiumNpc::EyeDirection3DHumanoid	FElysiumNpc::EyeDirection3DHumanoid() const	1025f0b0	deleted	dead
1b	definition	Source/ElysiumUE/Private/Substrate/ElysiumNpcKernelFacing.cpp	FElysiumNpc::EyeDirection2DHumanoid	FElysiumNpc::EyeDirection2DHumanoid() const	1025f040	deleted	dead; no prod caller
1b	arm	Source/ElysiumUE/Private/Substrate/ElysiumNpcKernelFacing.cpp	FElysiumNpc::RetailHeadDirection	if (IsRetailClass(TEXT("CAI_BaseHumanoid")))	1025f0f0;1025f160	deleted	dead arm; RetailHeadDirection kept
1b	definition	Source/ElysiumUE/Private/Substrate/ElysiumNpcKernelFacing.cpp	FElysiumNpc::RetailHeadDirection	FElysiumNpc::RetailHeadDirection(bool b2D, FVector& OutDirection) const	103ad7f0;103ad820	kept-live	Rat body-forward arm (decisions.json)
1b	definition	Source/ElysiumUE/Private/Substrate/ElysiumNpcKernelFacing.cpp	FElysiumNpc::AddLookTargetHumanoid(entity)	FElysiumNpc::AddLookTargetHumanoid(FElysiumEntity* LookAt, int32 Priority, float Duration,	1025f760	deleted	dead; callers dead
1b	definition	Source/ElysiumUE/Private/Substrate/ElysiumNpcKernelFacing.cpp	FElysiumNpc::AddLookTargetHumanoid(position)	FElysiumNpc::AddLookTargetHumanoid(const FVector& Position, int32 Priority, float Duration,	1025f8e0	deleted	dead; callers dead
1b	storage	Source/ElysiumUE/Private/Substrate/ElysiumNpcKernelFacing.inl	FLookTargetRecord;LookTargets;HumanoidEyeDirection;HumanoidHeadDirection;HumanoidHeadCacheBits	TArray<FLookTargetRecord> LookTargets;	1025f760;1025f8e0;1025e7b0	deleted	CAI_BaseActor/Humanoid words (+0x5f88, +0x5f4c, +0x5f5c, +0x5f68); readers all dead; no binding
1b	declaration	Source/ElysiumUE/Private/Substrate/ElysiumNpcKernelFacing.inl	humanoid facing declarations	void SetHeadDirectionHumanoid(const FVector& LookTarget, float Interval);	1025eaf0;1025f0f0;1025f160;1025f040;1025f0b0;1025e7b0;1025f760;1025f8e0	deleted	decls of deleted bodies
1b	definition	Source/ElysiumUE/Private/Substrate/ElysiumNpcKernelSenses.cpp	FElysiumNpc::HumanoidValidEyeTarget	FElysiumNpc::HumanoidValidEyeTarget(const FVector& PointCm)	1025e920	deleted	dead; callers only 0x1025fa50
1b	definition	Source/ElysiumUE/Private/Substrate/ElysiumNpcKernelSenses.cpp	FElysiumNpc::EyeTargetConeAdmits	FElysiumNpc::EyeTargetConeAdmits(const FVector& EyeCm, const FVector& PointCm,	1025e920	deleted	pure arithmetic of 0x1025e920; no live caller
1b	constant	Source/ElysiumUE/Private/Substrate/ElysiumNpcKernelSenses.cpp	GValidEyeTargetDotFloor	constexpr double GValidEyeTargetDotFloor = 0.5;	1025e920	deleted	read only by EyeTargetConeAdmits
1b	declaration	Source/ElysiumUE/Private/Substrate/ElysiumNpcKernelSenses.inl	EyeTargetConeAdmits;HumanoidValidEyeTarget	bool HumanoidValidEyeTarget(const FVector& PointCm);	1025e920	deleted	decls of deleted bodies
1b	definition	Source/ElysiumUE/Private/Substrate/ElysiumNpcKernelSenses.cpp	FElysiumNpc::AimConeAdmits	FElysiumNpc::AimConeAdmits(const FVector& OriginCm, const FVector& TargetCm,	10326bd0	kept-live	live slot 364
1b	arm	Source/ElysiumUE/Private/Substrate/ElysiumNpcKernelGeometry.cpp	FElysiumNpc::EyePosition	if (SlotBody != nullptr && FCString::Strcmp(SlotBody, TEXT("0x1025e8e0")) == 0)	1025e8e0	deleted	dead arm in live slot-193 dispatcher; EyePosition kept
1b	row	Source/ElysiumUE/Private/Substrate/ElysiumNpcKernelGeometry.cpp	EyePositionSpeciesRows	{ TEXT("CAI_BaseHumanoid"), TEXT("0x1025e8e0") },	1025e8e0	deleted	dead species row
1b	definition	Source/ElysiumUE/Private/Substrate/ElysiumNpcKernelGeometry.cpp	FElysiumNpc::HumanoidEyeCache	FElysiumNpc::HumanoidEyeCache(FVector& /*OutPositionCm*/) const	1025e7b0	deleted	seam used only by the deleted arm
1b	declaration	Source/ElysiumUE/Private/Substrate/ElysiumNpcKernelGeometry.inl	HumanoidEyeCache	bool HumanoidEyeCache(FVector& OutPositionCm) const;	1025e7b0	deleted	decl of the deleted seam
1b	row	Source/ElysiumUE/Private/Substrate/ElysiumNpcKernelConditions.cpp	GCondStateChangeSpecies	{ TEXT("CAI_BaseHumanoid"),        TEXT("0x10260630"),	10260630	deleted	dead species row of the live slot-463 table
1b	arm	Source/ElysiumUE/Private/Substrate/ElysiumNpcKernelConditions.cpp	FElysiumNpc::OnStateChange	case EStateChangeSpecies::HumanoidPreStep:	10260630	deleted	dead arm; OnStateChange kept
1b	declaration	Source/ElysiumUE/Private/Substrate/ElysiumNpcKernelConditions.inl	EStateChangeSpecies::HumanoidPreStep	HumanoidPreStep,	10260630	deleted	enum value of the deleted arm
1b	row	Source/ElysiumUE/Private/Substrate/ElysiumNpcKernelMisc.cpp	FElysiumNpc::ComponentFactoryRows	{ 427, TEXT("CAI_BaseHumanoid"), TEXT("0x10260f40"), 0x70, TEXT("0x102e0900"),	10260f40	deleted	row of a no-instance class; CreateMotor kept
1b	row	Source/ElysiumUE/Private/Substrate/ElysiumNpcKernelMisc.cpp	FElysiumNpc::ComponentFactoryRows	{ 429, TEXT("CAI_BaseHumanoid"), TEXT("0x10262430"), 0x6c, TEXT("0x102eca50"),	10262430	deleted	row of a no-instance class; CreateNavigator kept
1b	definition	Source/ElysiumUE/Private/Substrate/ElysiumNpcKernelMotor.cpp	FElysiumNpc::MaxYawSpeedHumanoid	FElysiumNpc::MaxYawSpeedHumanoid(int32 Activity)	102624b0	deleted	dead; no prod caller
1b	row	Source/ElysiumUE/Private/Substrate/ElysiumNpcKernelMotor.cpp	GMaxYawSpeedSpecies	{ TEXT("CAI_BaseHumanoid"),     TEXT("0x102624b0") },	102624b0	deleted	dead species row
1b	constant	Source/ElysiumUE/Private/Substrate/ElysiumNpcKernelMotor.cpp	GYawHumanoidMove;GYawHumanoidCrouch;GActRunHumanoid	constexpr float GYawHumanoidMove = ElysiumNpcTunables::Fifteen;	102624b0	deleted	read only by MaxYawSpeedHumanoid (tunables header untouched: generated)
1b	declaration	Source/ElysiumUE/Private/Substrate/ElysiumNpcKernelMotor.inl	MaxYawSpeedHumanoid	static float MaxYawSpeedHumanoid(int32 Activity);	102624b0	deleted	decl of the deleted body
1b	definition	Source/ElysiumUE/Private/Substrate/ElysiumNpcKernelLifecycle.cpp	FElysiumNpc::ExpressiveNpcExpresser	FElysiumNpc::ExpressiveNpcExpresser() const	10260da0	deleted	dead no-instance CAI_ExpressiveNPC#512; callers dead
1b	definition	Source/ElysiumUE/Private/Substrate/ElysiumNpcKernelLifecycle.cpp	FElysiumNpc::PickLookTarget	FElysiumNpc::PickLookTarget(bool bExcludePlayers, float MinTime,	1025f1c0	deleted	dead no-instance CAI_BaseHumanoid#585; caller 0x1025fa50 dead
1b	definition	Source/ElysiumUE/Private/Substrate/ElysiumNpcKernelLifecycle.cpp	FElysiumNpc::ValidHeadTarget	FElysiumNpc::ValidHeadTarget(const FVector& EyePointCm) const	10325da0	deleted	seam used only by PickLookTarget; the live 0x10325da0 head cone lives in ElysiumCombatCharacter.cpp (kept)
1b	declaration	Source/ElysiumUE/Private/Substrate/ElysiumNpcKernelLifecycle.inl	ExpressiveNpcExpresser;FLookTargetPick;PickLookTarget;ValidHeadTarget	FLookTargetPick PickLookTarget(bool bExcludePlayers, float MinTime, float MaxTime) const;	10260da0;1025f1c0	deleted	decls of deleted bodies
1b	definition	Source/ElysiumUE/Private/Substrate/ElysiumNpcKernelTroikaHelpers2.cpp	FElysiumNpc::CreateExpresser	FElysiumNpc::CreateExpresser()	10312cd0	deleted	dead no-instance; no prod caller
1b	definition	Source/ElysiumUE/Private/Substrate/ElysiumNpcKernelTroikaHelpers2.cpp	FElysiumNpc::CreateExpresserObject	FElysiumNpc::CreateExpresserObject()	10312b20	deleted	seam used only by CreateExpresser
1b	definition	Source/ElysiumUE/Private/Substrate/ElysiumNpcKernelTroikaHelpers2.cpp	FElysiumNpc::ExpresserBaseGate	FElysiumNpc::ExpresserBaseGate() const	1027cae0	deleted	port-only IsAlive() forward used only by the dead CreateExpresser. 0x1027cae0's port home is hand:FElysiumNpc::CreateComponents (Misc.cpp), which is kept. This deviates from the directive's keep; see the report
1b	storage	Source/ElysiumUE/Private/Substrate/ElysiumNpcKernelTroikaHelpers.inl	ExpresserFactoryCalls	int32 ExpresserFactoryCalls = 0;	10312cd0	deleted	counter of the deleted seam
1b	declaration	Source/ElysiumUE/Private/Substrate/ElysiumNpcKernelTroikaHelpers.inl	CreateExpresserObject;ExpresserBaseGate;CreateExpresser	bool CreateExpresser();	10312cd0	deleted	decls of deleted bodies
1b	test	Source/ElysiumUE/Private/Tests/ElysiumNpcKernelAnim10Tests.cpp	Elysium.Substrate.NpcKernelAnim10.BaseHumanoidSetModel	Elysium.Substrate.NpcKernelAnim10.BaseHumanoidSetModel		deleted	removed: dead-only: 0x1025e510 body deleted; census row kept (Shape.Census digest)
1b	test	Source/ElysiumUE/Private/Tests/ElysiumNpcKernelAnim10Tests.cpp	Elysium.Substrate.NpcKernelAnim10.BaseHumanoidMaintainEyeDirection	Elysium.Substrate.NpcKernelAnim10.BaseHumanoidMaintainEyeDirection		deleted	removed: dead-only: 0x1025fa50/0x1025f1a0/0x1025efc0 deleted
1b	test	Source/ElysiumUE/Private/Tests/ElysiumNpcKernelAnim10Tests.cpp	Elysium.Substrate.NpcKernelAnim10.SetModelArmCoverage	Elysium.Substrate.NpcKernelAnim10.SetModelArmCoverage		edited	count-repinned: census walk now skips ElysiumNpcDeadClasses; Known drops 0x1025e510; floor Rows>=3 -> >=2; live rows still fail loudly
1b	test	Source/ElysiumUE/Private/Tests/ElysiumNpcKernelAnim10Tests.cpp	Elysium.Substrate.NpcKernelAnim10.Slot584	Elysium.Substrate.NpcKernelAnim10.Slot584		edited	assertions-removed: dead census/reachability and ExpressiveNpcSpeak assertions removed; the live Slot584 ResetAllThinkStamps LastAI stamp is kept
1b	test	Source/ElysiumUE/Private/Tests/ElysiumNpcKernelAnimTests.cpp	Elysium.Substrate.NpcKernelAnim.MiscBodies	Elysium.Substrate.NpcKernelAnim.MiscBodies		edited	assertions-removed: StudioFrameAdvanceHumanoid block removed; live assertions kept
1b	test	Source/ElysiumUE/Private/Tests/ElysiumNpcKernelBaseHelpersTests.cpp	Elysium.Substrate.NpcKernelBaseHelpers.BaseActorBranch	Elysium.Substrate.NpcKernelBaseHelpers.BaseActorBranch		deleted	removed: dead-only: the six CAI_BaseActor/Humanoid bodies were deleted
1b	test	Source/ElysiumUE/Private/Tests/ElysiumNpcKernelFacingTests.cpp	Elysium.Substrate.NpcKernelFacing.SetHeadDirection	Elysium.Substrate.NpcKernelFacing.SetHeadDirection		edited	assertions-removed: SetHeadDirectionHumanoid block removed; base SetHeadDirection assertions kept
1b	test	Source/ElysiumUE/Private/Tests/ElysiumNpcKernelFacingTests.cpp	Elysium.Substrate.NpcKernelFacing.Directions	Elysium.Substrate.NpcKernelFacing.Directions		edited	assertions-removed: CAI_BaseHumanoid 370/371 census block and cached-pair block removed; Rat/guard live assertions kept
1b	test	Source/ElysiumUE/Private/Tests/ElysiumNpcKernelFacingTests.cpp	Elysium.Substrate.NpcKernelFacing.LookTargets	Elysium.Substrate.NpcKernelFacing.LookTargets		deleted	removed: dead-only: AddLookTargetHumanoid 0x1025f760/0x1025f8e0 deleted
1b	test	Source/ElysiumUE/Private/Tests/ElysiumNpcKernelSensesTests.cpp	Elysium.Substrate.NpcKernelSenses.Cones	Elysium.Substrate.NpcKernelSenses.Cones		edited	assertions-removed: EyeTargetConeAdmits/HumanoidValidEyeTarget/census assertions removed; the live AimConeAdmits planar-rule assertion kept (reworded)
1b	test	Source/ElysiumUE/Private/Tests/ElysiumNpcKernelGeometryTests.cpp	Elysium.Substrate.NpcKernelGeometry.EyePosition	Elysium.Substrate.NpcKernelGeometry.EyePosition		edited	assertions-removed: CAI_BaseHumanoid row and HumanoidEyeCache assertions removed; Troika/payphone/guard assertions kept
1b	test	Source/ElysiumUE/Private/Tests/ElysiumNpcKernelLifecycleTests.cpp	Elysium.Substrate.NpcKernelLifecycle.Species	Elysium.Substrate.NpcKernelLifecycle.Species		edited	assertions-removed: ExpressiveNpcExpresser/PickLookTarget/ValidHeadTarget seam assertions removed; slot-434 live assertions kept
1b	test	Source/ElysiumUE/Private/Tests/ElysiumNpcKernelMotorTests.cpp	Elysium.Substrate.NpcKernelMotor.MaxYawSpeedLadders	Elysium.Substrate.NpcKernelMotor.MaxYawSpeedLadders		edited	reindexed: humanoid ladder assertions removed; the species-table check now keys by class name; count 9 -> the length of the expected list (8)
1b	test	Source/ElysiumUE/Private/Tests/ElysiumNpcKernelMiscTests.cpp	Elysium.Substrate.NpcKernelMisc.ComponentFactories	Elysium.Substrate.NpcKernelMisc.ComponentFactories		edited	count-repinned: count 10 -> 8; humanoid size/constructor comparisons replaced by direct base-constructor checks; rat/base assertions kept
1b	test	Source/ElysiumUE/Private/Tests/ElysiumNpcKernelConditionsTests.cpp	Elysium.Substrate.NpcKernelConditions.OnStateChangeSpecies	Elysium.Substrate.NpcKernelConditions.OnStateChangeSpecies		edited	count-repinned: CAI_BaseHumanoid HumanoidPreStep row removed; 15 -> 14 rows (derived from the list)
1b	test	Source/ElysiumUE/Private/Tests/ElysiumNpcKernelTroikaHelpersTests.cpp	Elysium.Substrate.NpcKernelTroikaHelpers.FreeBodies	Elysium.Substrate.NpcKernelTroikaHelpers.FreeBodies		edited	assertions-removed: CreateExpresser 0x10312cd0 assertions removed; FUN_102aa9e0 and the other bodies kept
1c	arm	Source/ElysiumUE/Private/Substrate/ElysiumNpcKernelPrecache10.cpp	FElysiumNpc::PrecacheSpecies	{ TEXT("0x10359f70"), TEXT("CGeneric_NPC"),         &FElysiumNpc::GenericNpcTroikaPrecache },	10359f70	deleted	dead no-instance CGeneric_NPC#104; PrecacheSpecies kept
1c	arm	Source/ElysiumUE/Private/Substrate/ElysiumNpcKernelPrecache10.cpp	FElysiumNpc::PrecacheSpecies	{ TEXT("0x1035ade0"), TEXT("CGeneric_NPC_bathack"), &FElysiumNpc::GenericNpcBathackPrecache },	1035ade0	deleted	dead no-instance CGeneric_NPC_bathack#104
1c	arm	Source/ElysiumUE/Private/Substrate/ElysiumNpcKernelPrecache10.cpp	FElysiumNpc::PrecacheSpecies	{ TEXT("0x1035b5d0"), TEXT("CGenericSabbat_NPC"),   &FElysiumNpc::GenericSabbatNpcPrecache },	1035b5d0	deleted	dead no-instance CGenericSabbat_NPC#104
1c	arm	Source/ElysiumUE/Private/Substrate/ElysiumNpcKernelPrecache10.cpp	FElysiumNpc::PrecacheSpecies	{ TEXT("0x103b41e0"), TEXT("CNPC_VTest"),           &FElysiumNpc::TestNpcPrecache },	103b41e0	deleted	dead no-instance CNPC_VTest#104
1c	arm	Source/ElysiumUE/Private/Substrate/ElysiumNpcKernelPrecache10.cpp	FElysiumNpc::PrecacheSpecies	{ TEXT("0x1034aa40"), TEXT("CGenericNPC"),          &FElysiumNpc::GenericNpcLinePrecache },	1034aa40	deleted	dead no-instance CGenericNPC#104
1c	definition	Source/ElysiumUE/Private/Substrate/ElysiumNpcKernelPrecache10.cpp	FElysiumNpc::PrecacheSpecies	FElysiumNpc::PrecacheSpecies()	10298ad0	kept-live	live slot-104 dispatcher; only dead arms removed
1c	definition	Source/ElysiumUE/Private/Substrate/ElysiumNpcKernelPrecache10.cpp	FElysiumNpc::GenericNpcTroikaPrecache	FElysiumNpc::GenericNpcTroikaPrecache()	10359f70	deleted	dead no-instance; reached only through its arm
1c	definition	Source/ElysiumUE/Private/Substrate/ElysiumNpcKernelPrecache10.cpp	FElysiumNpc::GenericNpcBathackPrecache	FElysiumNpc::GenericNpcBathackPrecache()	1035ade0	deleted	dead no-instance; reached only through its arm
1c	definition	Source/ElysiumUE/Private/Substrate/ElysiumNpcKernelPrecache10.cpp	FElysiumNpc::GenericSabbatNpcPrecache	FElysiumNpc::GenericSabbatNpcPrecache()	1035b5d0	deleted	dead no-instance; reached only through its arm
1c	definition	Source/ElysiumUE/Private/Substrate/ElysiumNpcKernelPrecache10.cpp	FElysiumNpc::TestNpcPrecache	FElysiumNpc::TestNpcPrecache()	103b41e0	deleted	dead no-instance; reached only through its arm
1c	definition	Source/ElysiumUE/Private/Substrate/ElysiumNpcKernelPrecache10.cpp	FElysiumNpc::GenericNpcLinePrecache	FElysiumNpc::GenericNpcLinePrecache()	1034aa40	deleted	dead no-instance; reached only through its arm
1c	definition	Source/ElysiumUE/Private/Substrate/ElysiumNpcKernelPrecache10.cpp	FElysiumNpc::CharTemplateModelName	FElysiumNpc::CharTemplateModelName()	10207e60	kept-contract	seam for FUN_10207e60, whose live retail caller is CAI_BaseNPCTroika::Spawn 0x10298d30 (unported call); restored by the step-1 guard
1c	definition	Source/ElysiumUE/Private/Substrate/ElysiumNpcKernelPrecache10.cpp	FElysiumNpc::BasePrecache	FElysiumNpc::BasePrecache()	1027bb50	kept-live	also chained by the live Troika body
1c	constant	Source/ElysiumUE/Private/Substrate/ElysiumNpcKernelPrecache10.cpp	GMetropoliceAlert;GMetropoliceSurprise;GMetropoliceDie;GCitizenPain;GSabbatFemaleModel;GBathackModel	const TCHAR* const GMetropoliceAlert = TEXT("npc/metropolice/alert1.wav");	10359f70;1035ade0;1035b5d0	deleted	read only by the three deleted generic bodies
1c	constant	Source/ElysiumUE/Private/Substrate/ElysiumNpcKernelPrecache10.cpp	GTestDeath..GTestKnockout	const TCHAR* const GTestDeath = TEXT("character/npc/test/death1.wav");	103b41e0	deleted	read only by TestNpcPrecache
1c	declaration	Source/ElysiumUE/Private/Substrate/ElysiumNpcKernelPrecache10.inl	GenericNpcTroikaPrecache	void GenericNpcTroikaPrecache();      // 0x10359f70 — CGeneric_NPC, npc_generic	10359f70	deleted	decl of deleted body
1c	declaration	Source/ElysiumUE/Private/Substrate/ElysiumNpcKernelPrecache10.inl	GenericNpcBathackPrecache	void GenericNpcBathackPrecache();     // 0x1035ade0	1035ade0	deleted	decl of deleted body
1c	declaration	Source/ElysiumUE/Private/Substrate/ElysiumNpcKernelPrecache10.inl	GenericSabbatNpcPrecache	void GenericSabbatNpcPrecache();      // 0x1035b5d0	1035b5d0	deleted	decl of deleted body
1c	declaration	Source/ElysiumUE/Private/Substrate/ElysiumNpcKernelPrecache10.inl	TestNpcPrecache	void TestNpcPrecache();               // 0x103b41e0	103b41e0	deleted	decl of deleted body
1c	declaration	Source/ElysiumUE/Private/Substrate/ElysiumNpcKernelPrecache10.inl	GenericNpcLinePrecache	void GenericNpcLinePrecache();        // 0x1034aa40 — CGenericNPC, via `GenericNpcPrecache`	1034aa40	deleted	decl of deleted body
1c	declaration	Source/ElysiumUE/Private/Substrate/ElysiumNpcKernelPrecache10.inl	CharTemplateModelName	FString CharTemplateModelName() const;	10207e60	kept-contract	decl of retained seam
1c	definition	Source/ElysiumUE/Private/Substrate/ElysiumNpcKernelLifecycle.cpp	FElysiumNpc::GenericNpcPrecache	FElysiumNpc::GenericNpcPrecache(const FString& InModel, TArray<FPrecacheRequest>& Out)	1034aa40	deleted	dead no-instance CGenericNPC#104 request builder; its only caller GenericNpcLinePrecache is deleted
1c	definition	Source/ElysiumUE/Private/Substrate/ElysiumNpcKernelLifecycle.cpp	FElysiumNpc::GenericNpcWeaponSounds	FElysiumNpc::GenericNpcWeaponSounds(int32& OutCount)	1034aa40	deleted	table accessor used only by GenericNpcPrecache
1c	constant	Source/ElysiumUE/Private/Substrate/ElysiumNpcKernelLifecycle.cpp	GGenericNpcWeaponSounds	const TCHAR* const GGenericNpcWeaponSounds[] =	1034aa40	deleted	read only by the deleted accessor
1c	declaration	Source/ElysiumUE/Private/Substrate/ElysiumNpcKernelLifecycle.inl	GenericNpcPrecache	static void GenericNpcPrecache(const FString& Model, TArray<FPrecacheRequest>& Out);	1034aa40	deleted	decl of deleted body
1c	declaration	Source/ElysiumUE/Private/Substrate/ElysiumNpcKernelLifecycle.inl	GenericNpcWeaponSounds	static const TCHAR* const* GenericNpcWeaponSounds(int32& OutCount);	1034aa40	deleted	decl of deleted accessor
1c	storage	Source/ElysiumUE/Private/Substrate/ElysiumNpcKernelLifecycle.inl	FPrecacheRequest	struct FPrecacheRequest	102dbcb0	kept-live	still used by the live ConversationPlacePrecache
1c	definition	Source/ElysiumUE/Private/Substrate/ElysiumNpcKernelMisc.cpp	FElysiumNpc::GenericNpcSoundInterests	FElysiumNpc::GenericNpcSoundInterests()	1035a7e0;1035be50	deleted	dead no-instance CGeneric_NPC#473 / CGenericSabbat_NPC#473; no prod caller
1c	definition	Source/ElysiumUE/Private/Substrate/ElysiumNpcKernelMisc.cpp	FElysiumNpc::SoundInterestSpeciesRows	FElysiumNpc::SoundInterestSpeciesRows(int32& OutCount)	1035a7e0;1035be50	deleted	table held only the two dead rows; no prod reader
1c	constant	Source/ElysiumUE/Private/Substrate/ElysiumNpcKernelMisc.cpp	GMiscSoundInterestIdle;GMiscSoundInterestOther	constexpr int32 GMiscSoundInterestIdle = 0x19;	1035a7e0;1035be50	deleted	read only by the deleted body
1c	declaration	Source/ElysiumUE/Private/Substrate/ElysiumNpcKernelMisc.inl	FSoundInterestSpecies;SoundInterestSpeciesRows;GenericNpcSoundInterests	int32 GenericNpcSoundInterests() const;	1035a7e0;1035be50	deleted	decls of deleted bodies
1c	row	Source/ElysiumUE/Private/Substrate/ElysiumNpcKernelMotor.cpp	GMaxYawSpeedSpecies	{ TEXT("CGeneric_NPC"),         TEXT("0x1035a810") },	1035a810	deleted	dead no-instance CGeneric_NPC#516
1c	row	Source/ElysiumUE/Private/Substrate/ElysiumNpcKernelMotor.cpp	GMaxYawSpeedSpecies	{ TEXT("CGeneric_NPC_bathack"), TEXT("0x1035b080") },	1035b080	deleted	dead no-instance CGeneric_NPC_bathack#516
1c	row	Source/ElysiumUE/Private/Substrate/ElysiumNpcKernelMotor.cpp	GMaxYawSpeedSpecies	{ TEXT("CGenericSabbat_NPC"),   TEXT("0x1035be80") },	1035be80	deleted	dead no-instance CGenericSabbat_NPC#516
1c	arm	Source/ElysiumUE/Private/Substrate/ElysiumNpcKernelMotor.cpp	FElysiumNpc::MaxYawSpeed	if (IsRetailClass(TEXT("CGeneric_NPC")) || IsRetailClass(TEXT("CGeneric_NPC_bathack"))	1035a810;1035b080;1035be80	deleted	dead arm in live slot-516 dispatcher; MaxYawSpeed kept
1c	definition	Source/ElysiumUE/Private/Substrate/ElysiumNpcKernelMotor.cpp	FElysiumNpc::MaxYawSpeed	FElysiumNpc::MaxYawSpeed()	10297ce0	kept-live	live Troika slot-516 body
1c	definition	Source/ElysiumUE/Private/Substrate/ElysiumNpcKernelMotor.cpp	FElysiumNpc::MaxYawSpeedGeneric	FElysiumNpc::MaxYawSpeedGeneric(int32 Activity)	1035a810;1035b080;1035be80	deleted	reached only through the dead arm
1c	constant	Source/ElysiumUE/Private/Substrate/ElysiumNpcKernelMotor.cpp	GYawGenericCrouch	constexpr float GYawGenericCrouch = ElysiumNpcTunables::OneTwenty;	1035a810	deleted	read only by MaxYawSpeedGeneric (OneTwenty tunable stays: GMiscYawHigh reads it)
1c	declaration	Source/ElysiumUE/Private/Substrate/ElysiumNpcKernelMotor.inl	MaxYawSpeedGeneric	static float MaxYawSpeedGeneric(int32 Activity);	1035a810	deleted	decl of deleted body
1c	row	Source/ElysiumUE/Private/Substrate/ElysiumNpcKernelSounds.cpp	GSoundsVocalizations	SoundsWavRow(TEXT("CGeneric_NPC"), 488, TEXT("0x1035a500"), GSoundsMetropoliceDie,	1035a500;1035a390;1035a670;1035a220	deleted	the four CGeneric_NPC rows (488/489/491/495), dead no-instance
1c	row	Source/ElysiumUE/Private/Substrate/ElysiumNpcKernelSounds.cpp	GSoundsVocalizations	SoundsWavRow(TEXT("CGenericSabbat_NPC"), 488, TEXT("0x1035bb70"), GSoundsMetropoliceDie,	1035bb70;1035ba00;1035bce0;1035b890	deleted	the four CGenericSabbat_NPC rows, dead no-instance
1c	row	Source/ElysiumUE/Private/Substrate/ElysiumNpcKernelSounds.cpp	GSoundsVocalizations	SoundsWavRow(TEXT("CNPC_VTest"), 488, TEXT("0x103b4320"), GSoundsTestDeath,	103b4320;103b4490;103b4600;103b4780;103b48f0;103b4a60;103b4bd0;103b4d40	deleted	the eight CNPC_VTest rows, dead no-instance
1c	constant	Source/ElysiumUE/Private/Substrate/ElysiumNpcKernelSounds.cpp	GSoundsMetropolice*;GSoundsCitizenPain	const TCHAR* const GSoundsMetropoliceAlert[] = { TEXT("npc/metropolice/alert1.wav") };	1035a500;1035bb70	deleted	wav pools read only by the deleted rows
1c	constant	Source/ElysiumUE/Private/Substrate/ElysiumNpcKernelSounds.cpp	GSoundsTest*	const TCHAR* const GSoundsTestDeath[] = { TEXT("character/npc/test/death1.wav") };	103b4320	deleted	wav pools read only by the deleted rows
1c	row	Source/ElysiumUE/Private/Substrate/ElysiumEntity.cpp	ElysiumEntityCaps::GSpeciesRows	{ TEXT("CGeneric_NPC_bathack"), TEXT("0x1035ad50"), ~0,                Bit3 },	1035ad50	deleted	dead no-instance CGeneric_NPC_bathack#117; the CAI_Hint/CAI_TestHull/CScriptedTarget rows kept (ScriptedTarget is 1d)
1c	constant	Source/ElysiumUE/Public/ElysiumEntity.h	ElysiumEntityCaps::Bit3	inline constexpr int32 Bit3 = 0x8;	1035ad50	deleted	recorded only for the bathack OR mask; no other reader
1c	arm	Source/ElysiumUE/Private/Substrate/ElysiumNpcKernelState19.cpp	FElysiumNpc::SelectIdealStateRetail	{ TEXT("0x103b4ff0"), &FElysiumNpc::TestNpcSelectIdealState },	103b4ff0	deleted	dead no-instance CNPC_VTest#461; the BatSwarm/Combatman/Moleman/SheriffSwarm arms are packet 1e
1c	definition	Source/ElysiumUE/Private/Substrate/ElysiumNpcKernelState19_2.cpp	FElysiumNpc::TestNpcSelectIdealState	FElysiumNpc::TestNpcSelectIdealState()	103b4ff0	deleted	reached only through the dead arm
1c	declaration	Source/ElysiumUE/Private/Substrate/ElysiumNpcKernelState19.inl	TestNpcSelectIdealState	int32 TestNpcSelectIdealState();	103b4ff0	deleted	decl of deleted body
1c	row	Source/ElysiumUE/Private/Substrate/ElysiumNpcKernelSquad.cpp	GNpcKernelSquadSlotSpecies	{ TEXT("CGenericSabbat_NPC"), TEXT("0x1035b4f0"), TEXT("0x1093a350") },	1035b4f0	deleted	dead no-instance CGenericSabbat_NPC#546
1c	row	Source/ElysiumUE/Private/Substrate/ElysiumNpcKernelSquad.cpp	GNpcKernelSquadSlotSpecies	{ TEXT("CGeneric_NPC"), TEXT("0x10359e90"), TEXT("0x1093a234") },	10359e90	deleted	dead no-instance CGeneric_NPC#546
1c	row	Source/ElysiumUE/Private/Substrate/ElysiumNpcKernelSquad.cpp	GNpcKernelSquadSlotSpecies	{ TEXT("CGeneric_NPC_bathack"), TEXT("0x1035ace0"), TEXT("0x1093a314") },	1035ace0	deleted	dead no-instance CGeneric_NPC_bathack#546
1c	row	Source/ElysiumUE/Private/Substrate/ElysiumNpcKernelSquad.cpp	GNpcKernelSquadSlotSpecies	{ TEXT("CNPC_VTest"), TEXT("0x103b3cc0"), TEXT("0x1093c8bc") },	103b3cc0	deleted	dead no-instance CNPC_VTest#546
1c	definition	Source/ElysiumUE/Private/Substrate/ElysiumNpcKernelSquad.cpp	FElysiumNpc::SquadSlotSpeciesRows	FElysiumNpc::SquadSlotSpeciesRows(int32& OutCount)	101a6c00	kept-live	live slot-546 table accessor; only dead rows removed
1c	comment	Source/ElysiumUE/Private/Substrate/ElysiumNpcKernelSounds10.cpp	TroikaDeathSound;IdleSound comments	// The vtable dispatch in front of it (`CNPC_VTzimisce` `0x103b92a0`, `CGeneric_NPC` `0x1035a500`,	1035a500;103b4600	edited	dropped the CGeneric_NPC / CNPC_VTest examples
1c	test	Source/ElysiumUE/Private/Tests/ElysiumNpcKernelPrecache10Tests.cpp	Elysium.Substrate.NpcKernelPrecache10.GenericNpc	Elysium.Substrate.NpcKernelPrecache10.GenericNpc		deleted	removed: dead-only: CGeneric_NPC 0x10359f70 body deleted; census row kept
1c	test	Source/ElysiumUE/Private/Tests/ElysiumNpcKernelPrecache10Tests.cpp	Elysium.Substrate.NpcKernelPrecache10.GenericNpcBathack	Elysium.Substrate.NpcKernelPrecache10.GenericNpcBathack		deleted	removed: dead-only: 0x1035ade0 body deleted
1c	test	Source/ElysiumUE/Private/Tests/ElysiumNpcKernelPrecache10Tests.cpp	Elysium.Substrate.NpcKernelPrecache10.GenericSabbatNpc	Elysium.Substrate.NpcKernelPrecache10.GenericSabbatNpc		deleted	removed: dead-only: 0x1035b5d0 body deleted
1c	test	Source/ElysiumUE/Private/Tests/ElysiumNpcKernelPrecache10Tests.cpp	Elysium.Substrate.NpcKernelPrecache10.TestNpc	Elysium.Substrate.NpcKernelPrecache10.TestNpc		deleted	removed: dead-only: 0x103b41e0 body deleted
1c	test	Source/ElysiumUE/Private/Tests/ElysiumNpcKernelPrecache10Tests.cpp	Elysium.Substrate.NpcKernelPrecache10.GenericNpcLine	Elysium.Substrate.NpcKernelPrecache10.GenericNpcLine		deleted	removed: dead-only: 0x1034aa40 arm and body deleted
1c	test	Source/ElysiumUE/Private/Tests/ElysiumNpcKernelPrecache10Tests.cpp	Elysium.Substrate.NpcKernelPrecache10.ArmCoverage	Elysium.Substrate.NpcKernelPrecache10.ArmCoverage		edited	count-repinned: census walk skips ElysiumNpcDeadClasses; 31 -> 25 rows on classes with an instance; a live row without an arm still fails
1c	test	Source/ElysiumUE/Private/Tests/ElysiumNpcKernelLifecycleTests.cpp	Elysium.Substrate.NpcKernelLifecycle.ObjectCaps	Elysium.Substrate.NpcKernelLifecycle.ObjectCaps		edited	count-repinned: 4 -> 3 rows; bathack body/Bit3 assertions replaced by a no-row assertion; Hint/TestHull/ScriptedTarget kept (ScriptedTarget is 1d)
1c	test	Source/ElysiumUE/Private/Tests/ElysiumNpcKernelLifecycleTests.cpp	Elysium.Substrate.NpcKernelLifecycle.Precache	Elysium.Substrate.NpcKernelLifecycle.Precache		edited	assertions-removed: GenericNpcPrecache/GenericNpcWeaponSounds block removed; ConversationPlace and Camera assertions kept
1c	test	Source/ElysiumUE/Private/Tests/ElysiumNpcKernelMiscTests.cpp	Elysium.Substrate.NpcKernelMisc.SpeciesThresholds	Elysium.Substrate.NpcKernelMisc.SpeciesThresholds		edited	assertions-removed: slot-473 generic rows and GenericNpcSoundInterests state cases removed; Troika 0x81f, Bullseye (1d) and Bach assertions kept
1c	test	Source/ElysiumUE/Private/Tests/ElysiumNpcKernelSoundsTests.cpp	Elysium.Substrate.NpcKernelSounds.Table	Elysium.Substrate.NpcKernelSounds.Table		edited	count-repinned: 39 -> 23 rows; CGeneric_NPC/CGenericSabbat_NPC/CNPC_VTest blocks removed, replaced by no-row assertions; Camera/SabbatLeader/Tzimisce kept
1c	test	Source/ElysiumUE/Private/Tests/ElysiumNpcKernelSquadTests.cpp	Elysium.Substrate.NpcKernelSquad.SquadSlotNameTable	Elysium.Substrate.NpcKernelSquad.SquadSlotNameTable		edited	count-repinned: 61/60/57/56 -> 57/56/53/52; census join skips ElysiumNpcDeadClasses (60 -> 44 live overrides); packet 1e must re-pin after removing its rows
1d	row	Source/ElysiumUE/Private/Substrate/ElysiumEntity.cpp	ElysiumEntityCaps::GSpeciesRows	{ TEXT("CScriptedTarget"),      TEXT("0x1034d410"), ~AcrossTransition, 0 },	1034d410	deleted	dead no-instance CScriptedTarget#117; table kept for CAI_Hint/CAI_TestHull
1d	arm	Source/ElysiumUE/Private/Substrate/ElysiumNpc.cpp	FElysiumNpc::Spawn	BullseyeSpawn();	103567e0	deleted	dead no-instance CNPC_Bullseye#103 arm; retail factory 0x10356630 exists, class placed by nothing
1d	definition	Source/ElysiumUE/Private/Substrate/ElysiumNpc.cpp	FElysiumNpc::Spawn	FElysiumNpc::Spawn()	101a6f10	kept-live	shared live slot-103 body; only the Bullseye arm removed
1d	definition	Source/ElysiumUE/Private/Substrate/ElysiumNpcKernelSpeciesMisc10_2.cpp	FElysiumNpc::BullseyeSpawn	FElysiumNpc::BullseyeSpawn()	103567e0	deleted	dead no-instance; reached only through its Spawn arm
1d	constant	Source/ElysiumUE/Private/Substrate/ElysiumNpcKernelSpeciesMisc10_2.cpp	GBullseye*	constexpr float GBullseyeHullUnits = 16.f;	103567e0	deleted	the fourteen Bullseye spawn literals, read only by the deleted body
1d	declaration	Source/ElysiumUE/Private/Substrate/ElysiumNpcKernelSpeciesMisc10.inl	BullseyeSpawn	void BullseyeSpawn();	103567e0	deleted	decl of deleted body
1d	declaration	Source/ElysiumUE/Private/Substrate/ElysiumNpcKernelSpeciesMisc10.inl	FBullseyeSpawnRecord	struct FBullseyeSpawnRecord	103567e0	deleted	test record of the deleted body
1d	storage	Source/ElysiumUE/Private/Substrate/ElysiumNpcKernelSpeciesMisc10.inl	BullseyeSpawn_Record	FBullseyeSpawnRecord BullseyeSpawn_Record;	103567e0	deleted	written only by the deleted body
1d	definition	Source/ElysiumUE/Private/Substrate/ElysiumNpcKernelMisc.cpp	FElysiumNpc::BullseyeIsLightDamage	FElysiumNpc::BullseyeIsLightDamage(float Damage, int32 DamageBits)	10356f30	deleted	dead no-instance CNPC_Bullseye#576; no prod caller; Troika IsLightDamage kept
1d	declaration	Source/ElysiumUE/Private/Substrate/ElysiumNpcKernelMisc.inl	BullseyeIsLightDamage	bool BullseyeIsLightDamage(float Damage, int32 DamageBits);	10356f30	deleted	decl of deleted body
1d	row	Source/ElysiumUE/Private/Substrate/ElysiumNpcKernelDamage.cpp	FElysiumNpc::TraceAttackSpeciesRows	{ TEXT("CNPC_Bullseye"), TEXT("0x10356f60"), ETraceAttackPrologue::BullseyeGate },	10356f60	deleted	dead no-instance CNPC_Bullseye#141
1d	arm	Source/ElysiumUE/Private/Substrate/ElysiumNpcKernelDamage.cpp	FElysiumNpc::TraceAttack	case ETraceAttackPrologue::BullseyeGate:	10356f60	deleted	dead prologue arm in the live slot-141 dispatcher
1d	constant	Source/ElysiumUE/Private/Substrate/ElysiumNpcKernelDamage.cpp	BullseyeOwnerOnlyFlag;BullseyeDeadPreCallFlag	constexpr uint32 BullseyeOwnerOnlyFlag = 0x40000u;	10356f60	deleted	read only by the deleted arm
1d	definition	Source/ElysiumUE/Private/Substrate/ElysiumNpcKernelDamage.cpp	FElysiumNpc::TraceAttack	FElysiumNpc::TraceAttack(void* InInfo	10266780	kept-live	live slot-141 body with the Werewolf/Zombie prologues
1d	declaration	Source/ElysiumUE/Private/Substrate/ElysiumNpcKernelDamage.inl	ETraceAttackPrologue::BullseyeGate	BullseyeGate,	10356f60	deleted	enum value of the deleted arm
1d	definition	Source/ElysiumUE/Private/Substrate/ElysiumNpcKernelDebug2.cpp	FElysiumNpc::ScriptedTargetDrawDebugGeometryOverlays	FElysiumNpc::ScriptedTargetDrawDebugGeometryOverlays()	1034e070	deleted	dead no-instance CScriptedTarget#123
1d	definition	Source/ElysiumUE/Private/Substrate/ElysiumNpcKernelDebug2.cpp	FElysiumNpc::ScriptedTargetDrawDebugTextOverlays	FElysiumNpc::ScriptedTargetDrawDebugTextOverlays()	1034ddf0	deleted	dead no-instance CScriptedTarget#124
1d	constant	Source/ElysiumUE/Private/Substrate/ElysiumNpcKernelDebug2.cpp	GNpcKernelDebug2BitScriptedTarget	constexpr int32 GNpcKernelDebug2BitScriptedTarget = 0x24;	1034e070	deleted	read only by the deleted body
1d	constant	Source/ElysiumUE/Private/Substrate/ElysiumNpcKernelDebug2.cpp	GNpcKernelDebug2Box8Mins;GNpcKernelDebug2Box8Maxs	const FVector GNpcKernelDebug2Box8Mins(-8.f, -8.f, -8.f);	1034e070	deleted	read only by the deleted body
1d	declaration	Source/ElysiumUE/Private/Substrate/ElysiumNpcKernelDebug.inl	ScriptedTargetDrawDebugGeometryOverlays	void ScriptedTargetDrawDebugGeometryOverlays();	1034e070	deleted	decl of deleted body
1d	declaration	Source/ElysiumUE/Private/Substrate/ElysiumNpcKernelDebug.inl	ScriptedTargetDrawDebugTextOverlays	int32 ScriptedTargetDrawDebugTextOverlays();	1034ddf0	deleted	decl of deleted body
1d	constant	Source/ElysiumUE/Private/Substrate/ElysiumNpcKernelDebug10_2.cpp	GDebug10_2Body_ScriptedTarget	constexpr TCHAR GDebug10_2Body_ScriptedTarget[] = TEXT("0x1034e070");	1034e070	deleted	dispatch key of the deleted arm
1d	arm	Source/ElysiumUE/Private/Substrate/ElysiumNpcKernelDebug10_2.cpp	FElysiumNpc::DrawDebugGeometryOverlays	ScriptedTargetDrawDebugGeometryOverlays();	1034e070	deleted	dead arm in the live slot-123 dispatcher
1d	definition	Source/ElysiumUE/Private/Substrate/ElysiumNpcKernelDebug10_2.cpp	FElysiumNpc::DrawDebugGeometryOverlays	FElysiumNpc::DrawDebugGeometryOverlays()	1029ca50	kept-live	live slot-123 dispatcher
1d	constant	Source/ElysiumUE/Private/Substrate/ElysiumNpcKernelDebug10.cpp	GDebug10Body_CrowText	constexpr TCHAR GDebug10Body_CrowText[] = TEXT("0x10358f90");	10358f90	deleted	dispatch key of the deleted arm
1d	constant	Source/ElysiumUE/Private/Substrate/ElysiumNpcKernelDebug10.cpp	GDebug10Body_ScriptedTargetText	constexpr TCHAR GDebug10Body_ScriptedTargetText[] = TEXT("0x1034ddf0");	1034ddf0	deleted	dispatch key of the deleted arm
1d	constant	Source/ElysiumUE/Private/Substrate/ElysiumNpcKernelDebug10.cpp	GDebug10FmtMorale;GDebug10FmtCrowEnemy	constexpr TCHAR GDebug10FmtMorale[] = TEXT("morale: %d");	10358f90	deleted	Crow overlay formats, read only by the deleted body
1d	constant	Source/ElysiumUE/Private/Substrate/ElysiumNpcKernelDebug10.cpp	GDebug10Classname	FString GDebug10Classname(const FElysiumEntity* Entity)	10358f90	deleted	port helper used only by the deleted Crow body
1d	arm	Source/ElysiumUE/Private/Substrate/ElysiumNpcKernelDebug10.cpp	FElysiumNpc::DrawDebugTextOverlays	return CrowDrawDebugTextOverlays();	10358f90	deleted	dead no-instance CNPC_Crow#124 arm
1d	arm	Source/ElysiumUE/Private/Substrate/ElysiumNpcKernelDebug10.cpp	FElysiumNpc::DrawDebugTextOverlays	return ScriptedTargetDrawDebugTextOverlays();	1034ddf0	deleted	dead no-instance CScriptedTarget#124 arm
1d	definition	Source/ElysiumUE/Private/Substrate/ElysiumNpcKernelDebug10.cpp	FElysiumNpc::DrawDebugTextOverlays	FElysiumNpc::DrawDebugTextOverlays()	1029d4e0	kept-live	live slot-124 dispatcher
1d	definition	Source/ElysiumUE/Private/Substrate/ElysiumNpcKernelDebug10.cpp	FElysiumNpc::BaseDrawDebugTextOverlays	FElysiumNpc::BaseDrawDebugTextOverlays()	102767d0	kept-live	still chained by the live Troika body
1d	definition	Source/ElysiumUE/Private/Substrate/ElysiumNpcKernelDebug10.cpp	FElysiumNpc::CrowDrawDebugTextOverlays	FElysiumNpc::CrowDrawDebugTextOverlays()	10358f90	deleted	dead no-instance; reached only through its arm
1d	definition	Source/ElysiumUE/Private/Substrate/ElysiumNpcKernelDebug10.cpp	FElysiumNpc::CrowMorale	FElysiumNpc::CrowMorale()	10358f90	deleted	seam for CNPC_Crow::m_nMorale, read only by the deleted body
1d	definition	Source/ElysiumUE/Private/Substrate/ElysiumNpcKernelDebug10.cpp	FElysiumNpc::CrowEnemyDistUnits	FElysiumNpc::CrowEnemyDistUnits()	10358f90	deleted	seam for CNPC_Crow::m_flEnemyDist, read only by the deleted body
1d	declaration	Source/ElysiumUE/Private/Substrate/ElysiumNpcKernelDebug10.inl	CrowDrawDebugTextOverlays	int32 CrowDrawDebugTextOverlays();	10358f90	deleted	decl of deleted body
1d	declaration	Source/ElysiumUE/Private/Substrate/ElysiumNpcKernelDebug10.inl	CrowMorale	int32 CrowMorale() const;	10358f90	deleted	decl of deleted seam
1d	declaration	Source/ElysiumUE/Private/Substrate/ElysiumNpcKernelDebug10.inl	CrowEnemyDistUnits	float CrowEnemyDistUnits() const;	10358f90	deleted	decl of deleted seam
1d	row	Source/ElysiumUE/Private/Substrate/ElysiumNpcKernelFacing.cpp	GOnChangeActivity	{ TEXT("CNPC_Crow"),          TEXT("0x10357b30") },	10357b30	deleted	dead no-instance CNPC_Crow#465
1d	arm	Source/ElysiumUE/Private/Substrate/ElysiumNpcKernelFacing.cpp	FElysiumNpc::OnChangeActivitySpecies	if (FCString::Strcmp(BodyAddress, TEXT("0x10357b30")) == 0)	10357b30	deleted	dead arm (Ambient RNG draw) in the live slot-465 species dispatcher
1d	definition	Source/ElysiumUE/Private/Substrate/ElysiumNpcKernelFacing.cpp	FElysiumNpc::OnChangeActivitySpecies	FElysiumNpc::OnChangeActivitySpecies(int32 Activity)	10295a60	kept-live	MingXiao/SabbatGunman/Werewolf arms remain
1d	constant	Source/ElysiumUE/Private/Substrate/ElysiumNpcKernelFacing.cpp	#include ElysiumRng.h	#include "ElysiumRng.h"	10357b30	deleted	the Crow arm was its only use
1d	arm	Source/ElysiumUE/Private/Substrate/ElysiumNpcKernelGeometry.cpp	FElysiumNpc::SpeciesWorldSpaceCenter	if (ElysiumNpcKernelClass::DerivesFrom(RetailClass(), TEXT("CNPC_Crow")))	10357760	deleted	dead no-instance CNPC_Crow#192 branch
1d	constant	Source/ElysiumUE/Private/Substrate/ElysiumNpcKernelGeometry.cpp	GCrowCentreLiftUnits	constexpr float GCrowCentreLiftUnits = 6.0f;	10357760	deleted	read only by the deleted branch
1d	definition	Source/ElysiumUE/Private/Substrate/ElysiumNpcKernelGeometry.cpp	FElysiumNpc::SpeciesWorldSpaceCenter	FElysiumNpc::SpeciesWorldSpaceCenter()	10357760	kept-live	live port caller ApplyFakeHullPush (CNPC_VWerewolf); decisions-step1.json shared_live_corrections
1d	row	Source/ElysiumUE/Private/Substrate/ElysiumNpcKernelHints.cpp	FElysiumNpc::HintTypeSpeciesRows	{ TEXT("CNPC_Crow"), TEXT("0x10358c60"), ERule::Equals, 700, 700, 0, false },	10358c60	deleted	dead no-instance CNPC_Crow#566
1d	definition	Source/ElysiumUE/Private/Substrate/ElysiumNpcKernelHints.cpp	FElysiumNpc::HintTypeSpeciesRows	FElysiumNpc::HintTypeSpeciesRows(int32& OutCount)	10295c20	kept-live	live slot-566 species table
1d	definition	Source/ElysiumUE/Private/Substrate/ElysiumNpcKernelHints.cpp	FElysiumNpc::CrowHintActivity	FElysiumNpc::CrowHintActivity(int16 HintType, int32 BaseAnswer)	10358c90	deleted	dead no-instance CNPC_Crow#567
1d	definition	Source/ElysiumUE/Private/Substrate/ElysiumNpcKernelHints.cpp	FElysiumNpc::GetHintActivitySpecies	FElysiumNpc::GetHintActivitySpecies(int16 HintType)	10358c90	deleted	dispatcher whose only arm was Crow; no production caller
1d	declaration	Source/ElysiumUE/Private/Substrate/ElysiumNpcKernelHints.inl	CrowHintActivity	static int32 CrowHintActivity(int16 HintType, int32 BaseAnswer);	10358c90	deleted	decl of deleted body
1d	declaration	Source/ElysiumUE/Private/Substrate/ElysiumNpcKernelHints.inl	GetHintActivitySpecies	int32 GetHintActivitySpecies(int16 HintType) const;	10358c90	deleted	decl of deleted dispatcher
1d	arm	Source/ElysiumUE/Private/Substrate/ElysiumNpcKernelMotor.cpp	FElysiumNpc::OverrideMove	if (IsRetailClass(TEXT("CNPC_Crow")) && NavGetType() == 2)	10357ba0	deleted	dead no-instance CNPC_Crow#525 arm
1d	definition	Source/ElysiumUE/Private/Substrate/ElysiumNpcKernelMotor.cpp	FElysiumNpc::OverrideMove	FElysiumNpc::OverrideMove(float Interval)	1027da90	kept-live	live slot-525 base body
1d	definition	Source/ElysiumUE/Private/Substrate/ElysiumNpcKernelMotor.cpp	FElysiumNpc::CrowOverrideMove	FElysiumNpc::CrowOverrideMove(float Interval)	10357be0	deleted	seam for the dead Crow fly step; reached only through the deleted arm
1d	declaration	Source/ElysiumUE/Private/Substrate/ElysiumNpcKernelMotor.inl	CrowOverrideMove	void CrowOverrideMove(float Interval);	10357be0	deleted	decl of deleted seam
1d	storage	Source/ElysiumUE/Private/Substrate/ElysiumNpcKernelMotor.inl	FMotorSeamLedger::CrowOverrideMoves	int32 CrowOverrideMoves = 0;	10357be0	deleted	counter written only by the deleted seam
1d	arm	Source/ElysiumUE/Private/Substrate/ElysiumNpcKernelPrecache10.cpp	FElysiumNpc::PrecacheSpecies	{ TEXT("0x10358ec0"), TEXT("CNPC_Crow"),            &FElysiumNpc::CrowPrecache },	10358ec0	deleted	dead no-instance CNPC_Crow#104
1d	definition	Source/ElysiumUE/Private/Substrate/ElysiumNpcKernelPrecache10.cpp	FElysiumNpc::CrowPrecache	FElysiumNpc::CrowPrecache()	10358ec0	deleted	dead no-instance; reached only through its arm
1d	constant	Source/ElysiumUE/Private/Substrate/ElysiumNpcKernelPrecache10.cpp	GCrowModel	const TCHAR* const GCrowModel = TEXT("models/crow.mdl");	10358ec0	deleted	read only by the deleted body
1d	declaration	Source/ElysiumUE/Private/Substrate/ElysiumNpcKernelPrecache10.inl	CrowPrecache	void CrowPrecache();	10358ec0	deleted	decl of deleted body
1d	arm	Source/ElysiumUE/Private/Substrate/ElysiumNpcKernelSounds.cpp	FElysiumNpc::StopLoopingSounds	StopNamedSound(TEXT("NPC_Crow.Flap"));	10357800	deleted	dead no-instance CNPC_Crow#511 arm
1d	definition	Source/ElysiumUE/Private/Substrate/ElysiumNpcKernelSounds.cpp	FElysiumNpc::StopLoopingSounds	FElysiumNpc::StopLoopingSounds()	1027caa0	kept-live	live base slot-511 body
1d	definition	Source/ElysiumUE/Private/Substrate/ElysiumNpcKernelSounds10.cpp	FElysiumNpc::StopNamedSound	FElysiumNpc::StopNamedSound(const TCHAR* SoundScript)	101b0d80	deleted	port seam for CBaseEntity::StopSound used only by the deleted Crow arm
1d	constant	Source/ElysiumUE/Private/Substrate/ElysiumNpcKernelSounds10.cpp	GSounds10CrowFlapSound	const TCHAR* const GSounds10CrowFlapSound = TEXT("NPC_Crow.Flap");	10357800	deleted	already unread; the Crow arm's literal
1d	declaration	Source/ElysiumUE/Private/Substrate/ElysiumNpcKernelSounds10.inl	StopNamedSound	void StopNamedSound(const TCHAR* SoundScript);	101b0d80	deleted	decl of deleted seam
1d	storage	Source/ElysiumUE/Private/Substrate/ElysiumNpcKernelSounds10.inl	StopNamedSoundCalls	TArray<FString> StopNamedSoundCalls;	101b0d80	deleted	record written only by the deleted seam
1d	row	Source/ElysiumUE/Private/Substrate/ElysiumNpcKernelSpecies.cpp	FElysiumNpc::SpeciesSlotRows	{ TEXT("CScriptedTarget"), 103, TEXT("0x1034d6e0") },	1034d6e0	deleted	dead no-instance CScriptedTarget#103; data-only row
1d	row	Source/ElysiumUE/Private/Substrate/ElysiumNpcKernelSpecies.cpp	FElysiumNpc::SpeciesSlotRows	{ TEXT("CNPC_Crow"), 197, TEXT("0x103577d0") },	103577d0	deleted	dead no-instance CNPC_Crow#197; data-only row
1d	definition	Source/ElysiumUE/Private/Substrate/ElysiumNpcKernelSpecies2.cpp	FElysiumNpc::FUN_1034d6e0	FElysiumNpc::FUN_1034d6e0()	1034d6e0	deleted	dead no-instance CScriptedTarget::Spawn; no prod caller
1d	definition	Source/ElysiumUE/Private/Substrate/ElysiumNpcKernelSpecies2.cpp	FElysiumNpc::FUN_103577d0	FElysiumNpc::FUN_103577d0(const FVector& InUnits)	103577d0	deleted	dead no-instance CNPC_Crow#197; no prod caller
1d	definition	Source/ElysiumUE/Private/Substrate/ElysiumNpcKernelSpecies2.cpp	FElysiumNpc::FUN_10357be0	FElysiumNpc::FUN_10357be0(float Scale)	10357be0	deleted	dead no-instance Crow fly step; no prod caller
1d	definition	Source/ElysiumUE/Private/Substrate/ElysiumNpcKernelSpecies2.cpp	FElysiumNpc::CrowFlyStep	FElysiumNpc::CrowFlyStep(float Scale, const FVector& ToUnits,	10357be0	deleted	pure half of the deleted fly step
1d	constant	Source/ElysiumUE/Private/Substrate/ElysiumNpcKernelSpecies2.cpp	CrowScaleCeiling;CrowFlySpeed;CrowAvoidRadius;CrowMotorYawMode	constexpr double CrowScaleCeiling = ElysiumNpcTunables::OneDouble;	10357be0	deleted	read only by the deleted fly step
1d	constant	Source/ElysiumUE/Private/Substrate/ElysiumNpcKernelSpecies2.cpp	Species2One	constexpr float Species2One = ElysiumNpcTunables::One;	10357be0	deleted	read only by the deleted fly step
1d	constant	Source/ElysiumUE/Private/Substrate/ElysiumNpcKernelSpecies2.cpp	Species2VecToPitch	float Species2VecToPitch(const FVector& PortDelta)	10357be0	deleted	private helper used only by the deleted CrowFlyStep; Species2VecToYaw kept
1d	declaration	Source/ElysiumUE/Private/Substrate/ElysiumNpcKernelSpecies.inl	FUN_1034d6e0	void FUN_1034d6e0();	1034d6e0	deleted	decl of deleted body
1d	declaration	Source/ElysiumUE/Private/Substrate/ElysiumNpcKernelSpecies.inl	FUN_103577d0	FVector FUN_103577d0(const FVector& InUnits);	103577d0	deleted	decl of deleted body
1d	declaration	Source/ElysiumUE/Private/Substrate/ElysiumNpcKernelSpecies.inl	FCrowFlyStep	struct FCrowFlyStep	10357be0	deleted	result type of the deleted pure half
1d	declaration	Source/ElysiumUE/Private/Substrate/ElysiumNpcKernelSpecies.inl	CrowFlyStep	static FCrowFlyStep CrowFlyStep(float Scale, const FVector& ToUnits, const FVector& FromUnits);	10357be0	deleted	decl of deleted body
1d	declaration	Source/ElysiumUE/Private/Substrate/ElysiumNpcKernelSpecies.inl	FUN_10357be0	void FUN_10357be0(float Scale);	10357be0	deleted	decl of deleted body
1d	storage	Source/ElysiumUE/Private/Substrate/ElysiumNpcKernelSpecies.inl	ScriptedTargetLastPositionUnits	FVector ScriptedTargetLastPositionUnits = FVector::ZeroVector;	1034d6e0;1034e070	deleted	CScriptedTarget +0x5f44 m_vLastPosition; no binding; read/written only by deleted bodies
1d	storage	Source/ElysiumUE/Private/Substrate/ElysiumNpcKernelSpecies.inl	bScriptedTargetDisabled	bool bScriptedTargetDisabled = false;	1034d6e0;1034e070;1034ddf0	deleted	CScriptedTarget m_iDisabled; no binding; read only by deleted bodies
1d	arm	Source/ElysiumUE/Private/Substrate/ElysiumNpcKernelSaveRestore10.cpp	GSaveArms	{ TEXT("0x1034e320"), TEXT("CScriptedTarget"),        &FElysiumNpc::ScriptedTargetSave },	1034e320	deleted	dead no-instance CScriptedTarget#126
1d	arm	Source/ElysiumUE/Private/Substrate/ElysiumNpcKernelSaveRestore10.cpp	GRestoreArms	{ TEXT("0x1034e370"), TEXT("CScriptedTarget"),        &FElysiumNpc::ScriptedTargetRestore },	1034e370	deleted	dead no-instance CScriptedTarget#127
1d	definition	Source/ElysiumUE/Private/Substrate/ElysiumNpcKernelSaveRestore10.cpp	FElysiumNpc::ScriptedTargetSave	FElysiumNpc::ScriptedTargetSave(void* Archive)	1034e320	deleted	dead no-instance; reached only through its arm
1d	definition	Source/ElysiumUE/Private/Substrate/ElysiumNpcKernelSaveRestore10.cpp	FElysiumNpc::ScriptedTargetRestore	FElysiumNpc::ScriptedTargetRestore(void* Archive)	1034e370	deleted	dead no-instance; reached only through its arm
1d	definition	Source/ElysiumUE/Private/Substrate/ElysiumNpcKernelSaveRestore10.cpp	FElysiumNpc::BaseSave	FElysiumNpc::BaseSave(void* Archive)	1027bc60	kept-live	still chained by the live Troika save
1d	declaration	Source/ElysiumUE/Private/Substrate/ElysiumNpcKernelSaveRestore10.inl	ScriptedTargetSave	int32 ScriptedTargetSave(void* Archive);	1034e320	deleted	decl of deleted body
1d	declaration	Source/ElysiumUE/Private/Substrate/ElysiumNpcKernelSaveRestore10.inl	ScriptedTargetRestore	int32 ScriptedTargetRestore(void* Archive);	1034e370	deleted	decl of deleted body
1d	storage	Source/ElysiumUE/Private/Substrate/ElysiumNpcKernelSaveRestore10.inl	ScriptedTargetPauseDoneTime	double ScriptedTargetPauseDoneTime = 0.0;	1034e320;1034e370	deleted	CScriptedTarget +0x5f64 m_flPauseDoneTime; no binding; used only by the deleted save/restore
1d	row	Source/ElysiumUE/Private/Substrate/ElysiumNpcKernelSquad.cpp	GNpcKernelSquadSlotSpecies	{ TEXT("CNPC_Crow"), TEXT("0x10359240"), TEXT("0x1093a070") },	10359240	deleted	dead no-instance CNPC_Crow#546; SquadSlotName dispatcher kept
1d	comment	Source/ElysiumUE/Private/Substrate/ElysiumNpcKernelClosure.cpp	FElysiumNpc::WorldSpaceCenter	for every class that is not `CNPC_Crow`.	10357760	edited	now says SpeciesWorldSpaceCenter answers this body for every class
1d	comment	Source/ElysiumUE/Private/Substrate/ElysiumNpcKernelSpecies2.cpp	family header	// Story 29c-1, family **Species**, the second half — `CNPC_Crow`, `CNPC_VAndreiBlood`,	103577d0;10357be0;1034d6e0	edited	family list no longer names CNPC_Crow / CScriptedTarget; the humanoid mention 1b flagged went with the ScriptedTarget body
1d	comment	Source/ElysiumUE/Private/Substrate/ElysiumNpcKernelSpecies.inl	CScriptedTarget words	// declared for the same reason family **BaseHelpers** declared `CAI_BaseActor`'s: the body is	1034d6e0	edited	removed with the storage it introduced (1b-flagged CAI_BaseActor mention)
1d	test	Source/ElysiumUE/Private/Tests/ElysiumNpcKernelDebug10Tests.cpp	Elysium.Substrate.NpcKernelDebug10.CrowTextOverlays	Elysium.Substrate.NpcKernelDebug10.CrowTextOverlays		deleted	removed: dead-only: 0x10358f90 body deleted; base body 0x102767d0 keeps its own coverage in BaseText cases
1d	test	Source/ElysiumUE/Private/Tests/ElysiumNpcKernelPrecache10Tests.cpp	Elysium.Substrate.NpcKernelPrecache10.Crow	Elysium.Substrate.NpcKernelPrecache10.Crow		deleted	removed: dead-only: 0x10358ec0 body deleted; BasePrecache keeps its own case
1d	test	Source/ElysiumUE/Private/Tests/ElysiumNpcKernelSounds10Tests.cpp	Elysium.Substrate.NpcKernelSounds10.CrowStopLoopingSounds	Elysium.Substrate.NpcKernelSounds10.CrowStopLoopingSounds		deleted	removed: dead-only: 0x10357800 arm and the StopNamedSound seam deleted; the npc_VCop control asserted only that seam; live slot 511 stays covered by NpcKernelSounds StopLoopingSounds
1d	test	Source/ElysiumUE/Private/Tests/ElysiumNpcKernelSpeciesMisc10Tests.cpp	Elysium.Substrate.NpcKernelSpeciesMisc10.BullseyeSpawn	Elysium.Substrate.NpcKernelSpeciesMisc10.BullseyeSpawn		deleted	removed: dead-only: 0x103567e0 body deleted
1d	test	Source/ElysiumUE/Private/Tests/ElysiumNpcKernelGeometryTests.cpp	Elysium.Substrate.NpcKernelGeometry.CrowCentre	Elysium.Substrate.NpcKernelGeometry.CrowCentre		deleted	renamed: to Elysium.Substrate.NpcKernelGeometry.SpeciesCentre: Crow census asserts removed; the live fall-through assertion (SpeciesWorldSpaceCenter == WorldSpaceCenter) kept
1d	test	Source/ElysiumUE/Private/Tests/ElysiumNpcKernelDamageTests.cpp	Elysium.Substrate.NpcKernelDamage.TraceAttackSpecies	Elysium.Substrate.NpcKernelDamage.TraceAttackSpecies		edited	reindexed: rows keyed by class, not position; count 3 -> 2; Bullseye asserted absent and to take the Troika body; Zombie prologue arms unchanged
1d	test	Source/ElysiumUE/Private/Tests/ElysiumNpcKernelDebug10Tests.cpp	Elysium.Substrate.NpcKernelDebug10.SlotDispatch	Elysium.Substrate.NpcKernelDebug10.SlotDispatch		edited	assertions-removed: CNPC_Crow#124 census row dropped from the dispatch list; live rows and the npc_VCop control unchanged
1d	test	Source/ElysiumUE/Private/Tests/ElysiumNpcKernelDebugTests.cpp	Elysium.Substrate.NpcKernelDebug.ForeignOverlays	Elysium.Substrate.NpcKernelDebug.ForeignOverlays		edited	assertions-removed: CScriptedTarget slot 123/124 half removed with its bodies (and the now-unused combatant fixture); CAI_Hint text overlay half unchanged
1d	test	Source/ElysiumUE/Private/Tests/ElysiumNpcKernelFacingTests.cpp	Elysium.Substrate.NpcKernelFacing.OnChangeActivity	Elysium.Substrate.NpcKernelFacing.OnChangeActivity		edited	assertions-removed: CNPC_Crow#465 census row dropped; MingXiao/SabbatGunman/Werewolf rows, pure rules and the no-override control unchanged
1d	test	Source/ElysiumUE/Private/Tests/ElysiumNpcKernelHintsTests.cpp	Elysium.Substrate.NpcKernelHints.HintTypeSpecies	Elysium.Substrate.NpcKernelHints.HintTypeSpecies		edited	count-repinned: 11 -> 10 rows; Crow 700 rule and the slot-567 CrowHintActivity asserts removed; Crow asserted absent; every live rule unchanged
1d	test	Source/ElysiumUE/Private/Tests/ElysiumNpcKernelMotorTests.cpp	Elysium.Substrate.NpcKernelMotor.Slots	Elysium.Substrate.NpcKernelMotor.Slots		edited	assertions-removed: CrowOverrideMoves == 0 removed with the seam counter; slot 525 still asserted to decline
1d	test	Source/ElysiumUE/Private/Tests/ElysiumNpcKernelSaveRestore10Tests.cpp	Elysium.Substrate.NpcKernelSaveRestore10.SaveSpecies	Elysium.Substrate.NpcKernelSaveRestore10.SaveSpecies		edited	assertions-removed: CScriptedTarget 0x1034e320 block removed; MingXiao/tentacle/head-claw arms and the npc_VCop control unchanged
1d	test	Source/ElysiumUE/Private/Tests/ElysiumNpcKernelSaveRestore10Tests.cpp	Elysium.Substrate.NpcKernelSaveRestore10.RestoreSpecies	Elysium.Substrate.NpcKernelSaveRestore10.RestoreSpecies		edited	assertions-removed: CScriptedTarget 0x1034e370 block removed; boss/tentacle arms and the control unchanged
1d	test	Source/ElysiumUE/Private/Tests/ElysiumNpcKernelSaveRestore10Tests.cpp	Elysium.Substrate.NpcKernelSaveRestore10.ArmCoverage	Elysium.Substrate.NpcKernelSaveRestore10.ArmCoverage		edited	assertions-removed: census walk skips the 21 dead classes via ElysiumNpcDeadClasses and asserts all 21 were skipped; ScriptedTarget addresses dropped from the known lists; the latch block and the unused fixture removed; live rows still fail loudly
1d	test	Source/ElysiumUE/Private/Tests/ElysiumNpcKernelSpeciesTests.cpp	Elysium.Substrate.NpcKernelSpecies.SmallBodies	Elysium.Substrate.NpcKernelSpecies.SmallBodies		edited	assertions-removed: FUN_103577d0, CrowFlyStep and FUN_1034d6e0 blocks replaced by no-row assertions for CNPC_Crow#197 and CScriptedTarget#103; the other small bodies unchanged
1d	test	Source/ElysiumUE/Private/Tests/ElysiumNpcKernelSpeciesTests.cpp	Elysium.Substrate.NpcKernelSpecies.SlotTable	Elysium.Substrate.NpcKernelSpecies.SlotTable		edited	count-repinned: 34 -> 32 rows (CScriptedTarget#103, CNPC_Crow#197); every remaining row still joined to the census by name
1e	arm	Source/ElysiumUE/Private/Substrate/ElysiumNpcKernelLifecycle19.cpp	FElysiumNpc::SpeciesNPCInit	{ TEXT("0x103673b0"), &FElysiumNpc::BatSwarmNPCInit },	103673b0	deleted	dead no-instance CNPC_VBatSwarm#420 arm
1e	arm	Source/ElysiumUE/Private/Substrate/ElysiumNpcKernelLifecycle19.cpp	FElysiumNpc::SpeciesNPCInit	{ TEXT("0x103b2360"), &FElysiumNpc::SheriffSwarmNPCInit },	103b2360	deleted	dead no-instance CNPC_VSheriffSwarm#420 arm
1e	definition	Source/ElysiumUE/Private/Substrate/ElysiumNpcKernelLifecycle19.cpp	FElysiumNpc::SpeciesNPCInit	FElysiumNpc::SpeciesNPCInit()	101aab90	kept-live	live slot-420 species dispatcher
1e	definition	Source/ElysiumUE/Private/Substrate/ElysiumNpcKernelLifecycle19_2.cpp	FElysiumNpc::BatSwarmNPCInit	FElysiumNpc::BatSwarmNPCInit()	103673b0	deleted	dead no-instance; reached only through its arm
1e	definition	Source/ElysiumUE/Private/Substrate/ElysiumNpcKernelLifecycle19_2.cpp	FElysiumNpc::SheriffSwarmNPCInit	FElysiumNpc::SheriffSwarmNPCInit()	103b2360	deleted	dead no-instance; reached only through its arm
1e	definition	Source/ElysiumUE/Private/Substrate/ElysiumNpcKernelLifecycle19_2.cpp	FElysiumNpc::BachNPCInit	FElysiumNpc::BachNPCInit()	10363940	kept-live	live Bach body; SwarmDistTooFar stays as its constant
1e	declaration	Source/ElysiumUE/Private/Substrate/ElysiumNpcKernelLifecycle19.inl	BatSwarmNPCInit	void BatSwarmNPCInit();	103673b0	deleted	decl of deleted body
1e	declaration	Source/ElysiumUE/Private/Substrate/ElysiumNpcKernelLifecycle19.inl	SheriffSwarmNPCInit	void SheriffSwarmNPCInit();	103b2360	deleted	decl of deleted body
1e	constant	Source/ElysiumUE/Private/Substrate/ElysiumNpcKernelLifecycle19.inl	SwarmDistTooFar	static constexpr float SwarmDistTooFar = 65535.f;	10363940	kept-live	read by the live BachNPCInit
1e	arm	Source/ElysiumUE/Private/Substrate/ElysiumNpcKernelState19.cpp	FElysiumNpc::SelectIdealStateRetail	{ TEXT("0x103674a0"), nullptr, 7,    &FElysiumNpc::HumanSelectIdealState },	103674a0	deleted	dead no-instance CNPC_VBatSwarm#461 arm
1e	arm	Source/ElysiumUE/Private/Substrate/ElysiumNpcKernelState19.cpp	FElysiumNpc::SelectIdealStateRetail	{ TEXT("0x10370320"), nullptr, 0xb,  &FElysiumNpc::HumanSelectIdealState },	10370320	deleted	dead no-instance CNPC_VCombatman#461 arm
1e	arm	Source/ElysiumUE/Private/Substrate/ElysiumNpcKernelState19.cpp	FElysiumNpc::SelectIdealStateRetail	{ TEXT("0x1039fe10"), nullptr, 0x1b, &FElysiumNpc::HumanSelectIdealState },	1039fe10	deleted	dead no-instance CNPC_VMoleman#461 arm
1e	arm	Source/ElysiumUE/Private/Substrate/ElysiumNpcKernelState19.cpp	FElysiumNpc::SelectIdealStateRetail	{ TEXT("0x103b2450"), nullptr, 0x22, &FElysiumNpc::HumanSelectIdealState },	103b2450	deleted	dead no-instance CNPC_VSheriffSwarm#461 arm
1e	definition	Source/ElysiumUE/Private/Substrate/ElysiumNpcKernelState19.cpp	FElysiumNpc::SelectIdealStateRetail	FElysiumNpc::SelectIdealStateRetail()	1035fe80	kept-live	live slot-461 dispatcher; eight live fifteen-byte arms remain
1e	definition	Source/ElysiumUE/Private/Substrate/ElysiumNpcKernelState19_2.cpp	FElysiumNpc::HumanSelectIdealState	FElysiumNpc::HumanSelectIdealState()	103851e0	kept-live	shared CNPC_VHuman body the live arms chain to
1e	row	Source/ElysiumUE/Private/Substrate/ElysiumNpcKernelSpecies.cpp	FElysiumNpc::SpeciesSlotRows	{ TEXT("CNPC_VBatSwarm"), 609, TEXT("0x10367740") },	10367740	deleted	dead no-instance CNPC_VBatSwarm#609
1e	row	Source/ElysiumUE/Private/Substrate/ElysiumNpcKernelSpecies.cpp	FElysiumNpc::SpeciesSlotRows	{ TEXT("CNPC_VSheriffSwarm"), 609, TEXT("0x103b26f0") },	103b26f0	deleted	dead no-instance CNPC_VSheriffSwarm#609
1e	row	Source/ElysiumUE/Private/Substrate/ElysiumNpcKernelSpecies.cpp	FElysiumNpc::SpeciesSlotRows	{ TEXT("CNPC_VBach"), 609, TEXT("0x103661f0") },	103661f0	kept-live	live Bach slot-609 row
1e	arm	Source/ElysiumUE/Private/Substrate/ElysiumNpcKernelSpecies.cpp	FElysiumNpc::SpeciesSlot609	OutRunBase = FUN_10367740(bArg);	10367740	deleted	dead arm in the live slot-609 dispatcher
1e	arm	Source/ElysiumUE/Private/Substrate/ElysiumNpcKernelSpecies.cpp	FElysiumNpc::SpeciesSlot609	OutRunBase = FUN_103b26f0(bArg);	103b26f0	deleted	dead arm in the live slot-609 dispatcher
1e	definition	Source/ElysiumUE/Private/Substrate/ElysiumNpcKernelSpecies.cpp	FElysiumNpc::SpeciesSlot609	FElysiumNpc::SpeciesSlot609(bool bArg, bool& OutRunBase)	103661f0	kept-live	live slot-609 dispatcher (Slot609 in TroikaHelpers)
1e	definition	Source/ElysiumUE/Private/Substrate/ElysiumNpcKernelSpecies.cpp	FElysiumNpc::FUN_10367740	FElysiumNpc::FUN_10367740(bool bArg)	10367740	deleted	dead no-instance; reached only through its arm
1e	definition	Source/ElysiumUE/Private/Substrate/ElysiumNpcKernelSpecies.cpp	FElysiumNpc::FUN_103b26f0	FElysiumNpc::FUN_103b26f0(bool bArg)	103b26f0	deleted	dead no-instance; reached only through its arm
1e	definition	Source/ElysiumUE/Private/Substrate/ElysiumNpcKernelSpecies.cpp	FElysiumNpc::FUN_103661f0	FElysiumNpc::FUN_103661f0(bool bArg)	103661f0	kept-live	live Bach gate
1e	declaration	Source/ElysiumUE/Private/Substrate/ElysiumNpcKernelSpecies.inl	FUN_10367740	bool FUN_10367740(bool bArg);	10367740	deleted	decl of deleted body
1e	declaration	Source/ElysiumUE/Private/Substrate/ElysiumNpcKernelSpecies.inl	FUN_103b26f0	bool FUN_103b26f0(bool bArg);	103b26f0	deleted	decl of deleted body
1e	row	Source/ElysiumUE/Private/Substrate/ElysiumNpcKernelSquad.cpp	GNpcKernelSquadSlotSpecies	{ TEXT("CNPC_VBatSwarm"), TEXT("0x10366e10"), TEXT("0x1093a6d0") },	10366e10	deleted	dead no-instance CNPC_VBatSwarm#546
1e	row	Source/ElysiumUE/Private/Substrate/ElysiumNpcKernelSquad.cpp	GNpcKernelSquadSlotSpecies	{ TEXT("CNPC_VCombatman"), TEXT("0x1036fcb0"), TEXT("0x1093abb0") },	1036fcb0	deleted	dead no-instance CNPC_VCombatman#546
1e	row	Source/ElysiumUE/Private/Substrate/ElysiumNpcKernelSquad.cpp	GNpcKernelSquadSlotSpecies	{ TEXT("CNPC_VGangrel"), TEXT("0x10377210"), TEXT("0x1093aed8") },	10377210	deleted	dead no-instance CNPC_VGangrel#546
1e	row	Source/ElysiumUE/Private/Substrate/ElysiumNpcKernelSquad.cpp	GNpcKernelSquadSlotSpecies	{ TEXT("CNPC_VMalkavian"), TEXT("0x10389700"), TEXT("0x1093b6fc") },	10389700	deleted	dead no-instance CNPC_VMalkavian#546
1e	row	Source/ElysiumUE/Private/Substrate/ElysiumNpcKernelSquad.cpp	GNpcKernelSquadSlotSpecies	{ TEXT("CNPC_VMoleman"), TEXT("0x1039f7a0"), TEXT("0x1093bdb8") },	1039f7a0	deleted	dead no-instance CNPC_VMoleman#546
1e	row	Source/ElysiumUE/Private/Substrate/ElysiumNpcKernelSquad.cpp	GNpcKernelSquadSlotSpecies	{ TEXT("CNPC_VNosferatu"), TEXT("0x103a1640"), TEXT("0x1093bf30") },	103a1640	deleted	dead no-instance CNPC_VNosferatu#546
1e	row	Source/ElysiumUE/Private/Substrate/ElysiumNpcKernelSquad.cpp	GNpcKernelSquadSlotSpecies	{ TEXT("CNPC_VSheriffSwarm"), TEXT("0x103b1dc0"), TEXT("0x1093c680") },	103b1dc0	deleted	dead no-instance CNPC_VSheriffSwarm#546
1e	row	Source/ElysiumUE/Private/Substrate/ElysiumNpcKernelSquad.cpp	GNpcKernelSquadSlotSpecies	{ TEXT("CNPC_VStalker"), TEXT("0x103b2a50"), TEXT("0x1093c738") },	103b2a50	deleted	dead no-instance CNPC_VStalker#546
1e	row	Source/ElysiumUE/Private/Substrate/ElysiumNpcKernelSquad.cpp	GNpcKernelSquadSlotSpecies	{ TEXT("CNPC_VToreador"), TEXT("0x103b54d0"), TEXT("0x1093c948") },	103b54d0	deleted	dead no-instance CNPC_VToreador#546
1e	row	Source/ElysiumUE/Private/Substrate/ElysiumNpcKernelSquad.cpp	GNpcKernelSquadSlotSpecies	{ TEXT("CNPC_VTremere"), TEXT("0x103b5c70"), TEXT("0x1093c9c8") },	103b5c70	deleted	dead no-instance CNPC_VTremere#546
1e	row	Source/ElysiumUE/Private/Substrate/ElysiumNpcKernelSquad.cpp	GNpcKernelSquadSlotSpecies	{ TEXT("CNPC_VVentrue"), TEXT("0x103c7950"), TEXT("0x1093d394") },	103c7950	deleted	dead no-instance CNPC_VVentrue#546
1e	definition	Source/ElysiumUE/Private/Substrate/ElysiumNpcKernelSquad.cpp	FElysiumNpc::SquadSlotName	FElysiumNpc::SquadSlotName(int32 SlotEn)	101a6c00	kept-live	live slot-546 body; 44 live species rows remain
1e	row	Source/ElysiumUE/Private/Substrate/ElysiumNpcKernelSchedule.cpp	GNpcKernelScheduleIdSpaces	{ TEXT("CNPC_VCombatman"), TEXT("0x1036fb10"), TEXT("0x1093ab68") },	1036fb10	deleted	dead no-instance CNPC_VCombatman#580
1e	row	Source/ElysiumUE/Private/Substrate/ElysiumNpcKernelSchedule.cpp	GNpcKernelScheduleIdSpaces	{ TEXT("CNPC_VGangrel"), TEXT("0x10377070"), TEXT("0x1093aef8") },	10377070	deleted	dead no-instance CNPC_VGangrel#580
1e	row	Source/ElysiumUE/Private/Substrate/ElysiumNpcKernelSchedule.cpp	GNpcKernelScheduleLoadFlags	{ TEXT("CNPC_VCombatman"), TEXT("0x1036fc50"), TEXT("0x10631678") },	1036fc50	deleted	dead no-instance CNPC_VCombatman#452
1e	row	Source/ElysiumUE/Private/Substrate/ElysiumNpcKernelSchedule.cpp	GNpcKernelScheduleLoadFlags	{ TEXT("CNPC_VGangrel"), TEXT("0x103771b0"), TEXT("0x10639090") },	103771b0	deleted	dead no-instance CNPC_VGangrel#452
1e	definition	Source/ElysiumUE/Private/Substrate/ElysiumNpcKernelSchedule.cpp	FElysiumNpc::LoadedSchedules	FElysiumNpc::LoadedSchedules()	102b97f0	kept-live	live slot-452 body; eleven live rows remain
1e	row	Source/ElysiumUE/Private/Substrate/ElysiumNpcKernelConditions.cpp	GCondStateChangeSpecies	{ TEXT("CNPC_VStalker"),           TEXT("0x103871c0"),	103871c0	deleted	CNPC_VStalker is dead no-instance; row only, the shared HumanCombatant body stays
1e	row	Source/ElysiumUE/Private/Substrate/ElysiumNpcKernelConditions.cpp	GCondStateChangeSpecies	{ TEXT("CNPC_VHumanCombatant"),    TEXT("0x103871c0"),	103871c0	kept-live	live holster/draw row on the shared body
1e	row	Source/ElysiumUE/Private/Substrate/ElysiumNpc.cpp	FElysiumNpc::ClassHolstersOnState	TEXT("npc_VStalker"),           // CNPC_VStalker           0x103871c0	103871c0	deleted	classname of the dead no-instance CNPC_VStalker
1e	definition	Source/ElysiumUE/Private/Substrate/ElysiumNpc.cpp	FElysiumNpc::ClassHolstersOnState	FElysiumNpc::ClassHolstersOnState()	103871c0	kept-live	live classname holster rule
1e	comment	Source/ElysiumUE/Private/Substrate/ElysiumNpcKernelSpecies.cpp	slot 609 banner	// Slot 609 — the three byte-identical state gates of `CNPC_VBach`, `CNPC_VBatSwarm` and	10367740;103b26f0	edited	names the dead copies as retail facts, not port bodies
1e	comment	Source/ElysiumUE/Private/Substrate/ElysiumNpcKernelSpecies.inl	FUN_103661f0 doc	/** `0x103661f0` / `0x10367740` / `0x103b26f0` — the three byte-identical slot-609 gates of	10367740;103b26f0	edited	names the dead copies as retail facts
1e	comment	Source/ElysiumUE/Private/Substrate/ElysiumNpcKernelTroikaHelpers.cpp	FElysiumNpc::Slot609	// `CNPC_VBach` `0x103661f0`, `CNPC_VBatSwarm` `0x10367740` and `CNPC_VSheriffSwarm` `0x103b26f0`	10367740;103b26f0	edited	names the dead copies as retail facts
1e	comment	Source/ElysiumUE/Private/Substrate/ElysiumNpcKernelSchedule.cpp	slot 580 banner	// twelve distinct ones this story's rows cover (`CNPC_VCamera` is shared with	1036fb10;10377070	edited	table now carries only live classes
1e	comment	Source/ElysiumUE/Private/Substrate/ElysiumNpcKernelState19.inl	selector fact	write a class tag there and chain; they are data rows, not no-ops.	103674a0;10370320;1039fe10;103b2450	edited	port now carries eight of retail's twelve bodies
1e	comment	Source/ElysiumUE/Private/Substrate/ElysiumNpcKernelConditions.cpp	GCondStateChangeSpecies	// The seven holster/draw classes. `FElysiumNpc::ApplyStateWeaponVisibility` already carries	103871c0	edited	records the removed row
1e	comment	Source/ElysiumUE/Private/Substrate/ElysiumNpc.cpp	FElysiumNpc::ClassHolstersOnState	// class names onto the classnames a map AUTHORS. Four of them have no registered leaf in this	103871c0	edited	records the removed classname
1e	test	Source/ElysiumUE/Private/Tests/ElysiumNpcKernelScheduleTests.cpp	Elysium.Substrate.NpcKernelSchedule.ClassScheduleIdSpace	Elysium.Substrate.NpcKernelSchedule.ClassScheduleIdSpace		edited	count-repinned: Combatman/Gangrel rows removed: 15 -> 13; no-row assertions added
1e	test	Source/ElysiumUE/Private/Tests/ElysiumNpcKernelScheduleTests.cpp	Elysium.Substrate.NpcKernelSchedule.LoadedSchedules	Elysium.Substrate.NpcKernelSchedule.LoadedSchedules		edited	count-repinned: Combatman/Gangrel rows removed: 13 -> 11; no-row assertions added
1e	test	Source/ElysiumUE/Private/Tests/ElysiumNpcKernelState19Tests.cpp	Elysium.Substrate.NpcKernelState19.FifteenByteSpecies	Elysium.Substrate.NpcKernelState19.FifteenByteSpecies		edited	assertions-removed: BatSwarm/Combatman/Moleman/SheriffSwarm loop rows removed with their arms; eight live rows still drive the selector
1e	test	Source/ElysiumUE/Private/Tests/ElysiumNpcKernelLifecycle19Tests.cpp	Elysium.Substrate.NpcKernelLifecycle19.SwarmDistTooFar	Elysium.Substrate.NpcKernelLifecycle19.SwarmDistTooFar		edited	assertions-removed: swarm iterations removed with their arms; Bach's 65535 write still asserted
1e	test	Source/ElysiumUE/Private/Tests/ElysiumNpcKernelLifecycle19Tests.cpp	Elysium.Substrate.NpcKernelLifecycle19.ArmCoverage	Elysium.Substrate.NpcKernelLifecycle19.ArmCoverage		edited	assertions-removed: dead slot-420 0x103673b0/0x103b2360 dropped from the ported-arm list; census rows unaffected
1e	test	Source/ElysiumUE/Private/Tests/ElysiumNpcKernelLifecycle19Tests.cpp	Elysium.Substrate.NpcKernelLifecycle19.SpeciesNPCInitSmoke	Elysium.Substrate.NpcKernelLifecycle19.SpeciesNPCInitSmoke		edited	assertions-removed: BatSwarm/SheriffSwarm rows removed; 31 live bodies still smoked
1e	test	Source/ElysiumUE/Private/Tests/ElysiumNpcKernelSpeciesTests.cpp	Elysium.Substrate.NpcKernelSpecies.BachGates	Elysium.Substrate.NpcKernelSpecies.BachGates		edited	assertions-removed: FUN_10367740/FUN_103b26f0 byte-identity checks removed with the bodies; swarm classes now assert no slot-609 row; Bach gate coverage unchanged
