classname	retail_class	factory	constructor	constructor_thunks	allocation_size	final_vtable	final_write	form	factory_listing_sha256	constructor_listing_sha256	current_registry	prior_census_class
aiscripted_schedule	CCineAISchedule	101a96b0	101a62d0	1000ee9e	0x6098	10478854	101a96cb	inline-final-write	23105e8b2fb352c31821117084a544005abfe0aebcc892eb14afe4c6c5d11076	86651622eb5a73a5119dd9e02bce22bc75773de714a4d717f1af8a44b44a5fd4	schedule-leaf	-
aiscripted_sequence	CCineAI	101a8fe0	101a62d0	1000ee9e	0x608c	10477d1c	101a8ffb	inline-final-write	978674f8941e32c5ecb1b417e9599691171e976e48c689ee864f6c235f4393ad	86651622eb5a73a5119dd9e02bce22bc75773de714a4d717f1af8a44b44a5fd4	sequence-leaf	-
monster_generic	CGenericNPC	1034a250	1027c300	10006659	0x5f44	1049e8e4	1034a26b	inline-final-write	ea8704ede75d059e660cdfa0efb49464063f9e238df0c1e3478186578a988133	29146150f48de3a38ea255d760f607dcdfd06259dbf0044e4451bd3a3f9ca171	unregistered-base-fallback	CGenericNPC
npc_TestBaseHumanoid	CAI_BaseHumanoid	102609e0	10260b30	1000c635	0x6058	10497d04	10260c64	constructor-final-write	d1ea703504e4417617da0859a098c5d8a33ee32ab0fd404ceb73e0319905a75f	d05e04a9a17b8c62ff7164201ec1f57d1e0dec68aaaef2e3b801cb0674b396bb	unregistered-base-fallback	CAI_ExpressiveNPC
npc_VAndreiBlood	CNPC_VAndreiBlood	1035c080	103c48e0	1000425a	0x66ec	104a6fc4	1035c109	inline-final-write	88d51083919c373cb154678d8fb3ab9300b116f65c36e6f2a229f7f2d9003b89	6d067425209ebc9556551c4a400334db21a74bdc9a4f8909db7d7af67c0a4f4f	shared-npc	CNPC_VAndreiBlood
npc_VAnimal	CNPC_VAnimal	1035eaa0	1035eba0	1001182e	0x6674	104a876c	1035ebb5	constructor-final-write	e41df063ea9bc98e26373ccf5a843a9d5e370431397eb700154cd37d16cada16	3371d8c17265105f75e10b10af8d184951797031e5939e23166352db6f5398d9	shared-npc	CNPC_VAnimal
npc_VAsianVampire	CNPC_VAsianVampire	103602f0	103c48e0	1000425a	0x66ec	104a935c	10360365	inline-final-write	78297272000b686a493637fd4b84eb76ada42a94e52033b2fe03a60b65b2e592	6d067425209ebc9556551c4a400334db21a74bdc9a4f8909db7d7af67c0a4f4f	unregistered-base-fallback	CNPC_VAsianVampire
npc_VBach	CNPC_VBach	10362ba0	10362c10	1000e6fb	0x66ac	104a9f2c	10362c23	constructor-final-write	1e41317556a9b67b08112286acf23c4adb09f91ceca2b5647758df01af450d97	b1b60bb81d0d3247f44e24ed4e60d6023a738ee439d99ea1077dfeea1d1aba4c	unregistered-base-fallback	CNPC_VBach
npc_VBatSwarm	CNPC_VBatSwarm	10366bc0	10366c30	1001534d	0x6668	104aab04	10366c43	constructor-final-write	1c891d1844c7a5f2a1f0c97b1b6dc1f1f38a7cd960d9a14f8527d3f090d229a9	9d14e8489407d27eaa763d0dc420a36032be095f25e1ef454fb6cdf559659188	unregistered-base-fallback	CNPC_VBatSwarm
npc_VBrujah	CNPC_VBrujah	103677c0	10367830	1000720c	0x6668	104ab6cc	10367843	constructor-final-write	3b43a38273d9fbaaa5bcf1b950e322ce20bd38916bbcdb81531cebfd5ec6c708	d1630f42f338b85c378f71b3e1a54e3f82c9d381a8a8044fa9a0144d49a8a20a	unregistered-base-fallback	CNPC_VBrujah
npc_VCamera	CNPC_VCamera	10367ff0	10368060	1000960b	0x6660	104ac294	10368078	constructor-final-write	3c6059ba4dde53d81b8b09b925a7862115b91c3fb8e2d17e3d15160f23a9ea1d	9c351f49b6f0c2196fe10182979ae1960a61b67fd56c9f80848900fc0571c734	stub-base-entity	CNPC_VCamera
npc_VCameraSecurity	CNPC_VCameraSecurity	10369d80	10369df0	100106cc	0x666c	104ace5c	10369e03	constructor-final-write	3b3ce812dff88fa936e688d21a7e0e16902762cfc2002d9158c4c424826a1487	792a2e44d486f52b3e51af705424feccc9813c3475599e284ca7dcc56497cff6	unregistered-base-fallback	CNPC_VCameraSecurity
npc_VChangBros	CNPC_VChangBros	1036a0a0	103c48e0	1000425a	0x66fc	104adabc	1036a11f	inline-final-write	6d5da510841c5c50fd11bcb794d57ec06d4fa432d62d6edfbe9d1649e7e0c3c3	6d067425209ebc9556551c4a400334db21a74bdc9a4f8909db7d7af67c0a4f4f	unregistered-base-fallback	CNPC_VChangBros
npc_VChangBrosBlade	CNPC_VChangBrosBlade	1036e990	103c48e0	1000425a	0x6700	104ae68c	1036ea2a	inline-final-write	c9929e58a12d099b6b3242715a0a5b77cbe30c84579f39e62c360fd6a2c3792d	6d067425209ebc9556551c4a400334db21a74bdc9a4f8909db7d7af67c0a4f4f	unregistered-base-fallback	CNPC_VChangBrosBlade
npc_VChangBrosClaw	CNPC_VChangBrosClaw	1036f190	103c48e0	1000425a	0x6700	104af25c	1036f22a	inline-final-write	f19c06ea2ca3303921a91d8e355cff974a8f29d45ab10df5627e088f4f4a9ffc	6d067425209ebc9556551c4a400334db21a74bdc9a4f8909db7d7af67c0a4f4f	unregistered-base-fallback	CNPC_VChangBrosClaw
npc_VCombatman	CNPC_VCombatman	1036fa60	1036fad0	100054a7	0x6664	104afe2c	1036fae3	constructor-final-write	0661741ad2b52bf534e360136ff4402d22431a2e2509b7d7883b801c1c46583a	e478084a58e9bfe636e142f9cec0c1e4dfb31921f033b0ecdfe1fc1d332d9677	unregistered-base-fallback	CNPC_VCombatman
npc_VCop	CNPC_VCop	103704f0	103708e0	10009aa2	0x6674	104b09f4	10370900	constructor-final-write	452f17c14479f0215bcd76d4ccfaff7f67b0fb8798aea60ff6727046909ac453	6f05822b397775b52e9f34cb250cb0a931cab30c6665f07bfe48ee8fa96f10aa	shared-npc	-
npc_VDialogPedestrian	CNPC_VPedestrian	103a1d20	103a1d90	1000d5b7	0x6684	104c0dc4	103a1da3	constructor-final-write	1057e3ff175502486c48b05c8212931991c312410afaa169a43109998b1e421d	b6bb84a19bccdf31bf85733d3ebfdcfad7e1a997bae6be077d6bfeb17a852128	shared-npc	CNPC_VPedestrian
npc_VDog	CNPC_VDog	10373480	103734f0	10005bb4	0x6694	104b15bc	10373503	constructor-final-write	71ddb9306eb28c0b8b3420182002000daf36fb5d4664098bf5144c64c358e3b0	47ca97a2974dcde602fb06e800c2194ddec8628370a8405a62add5274f97d529	unregistered-base-fallback	CNPC_VDog
npc_VFrenzyShadow	CNPC_VFrenzyShadow	10375050	103c48e0	1000425a	0x666c	104b2184	10375086	inline-final-write	0019db192b503be9040f4e8dde935c1d864e6dd08cfc7ed5c5a1de1aa39b7afa	6d067425209ebc9556551c4a400334db21a74bdc9a4f8909db7d7af67c0a4f4f	unregistered-base-fallback	CNPC_VFrenzyShadow
npc_VGangrel	CNPC_VGangrel	10376fc0	10377030	1000f565	0x6668	104b3914	10377043	constructor-final-write	ae9d800cefb0c0962991c6f977711f94dd59baf455ef248e590ac8f745d902d6	fd66de883891d102d45367291b5b628e0dc4734007a3541659d06654c911c725	unregistered-base-fallback	CNPC_VGangrel
npc_VGargoyle	CNPC_VGargoyle	103779f0	10377a60	10004255	0x6690	104b44dc	10377a8d	constructor-final-write	f848990031fd48b431e93c9821990ee03ad21cbb2c98eb0bde46797a7f17484a	f268bc8360e65cf1ad5cd311e244dbb35ee9da2a9dd19ea42ab0f64c5d4a14c1	unregistered-base-fallback	CNPC_VGargoyle
npc_VGhoulCroucher	CNPC_VGhoulCroucher	1037a670	1037aea0	1000bc94	0x66a8	104b50ac	1037aede	constructor-final-write	083b9e6397157e83bceff998b559ac75ab834e3fbb33fdc63af8bc1304f22cef	60f4a91ae4cfb8aee08a8e4d4fa059e97399a586553ccafd0a7f1f03f6e35750	unregistered-base-fallback	-
npc_VGuard1	CNPC_VGuard1	1037c5b0	1037c620	1000aefc	0x6664	104b5c74	1037c633	constructor-final-write	5cc92c226d1989bd0bb85de5f81ff263279daec9b05b3d942b74bf809c4d9dde	e2805ed789d876796eb173ed0aa889973b405c10afa1372bcfbba51348ba065a	unregistered-base-fallback	CNPC_VGuard1
npc_VHengeyokai	CNPC_VHengeyokai	1037e610	1037e680	1000e773	0x66bc	104b683c	1037e726	constructor-final-write	5e8974f58a4644410a45460b893bf31fbd90aa22c114ce6e5558b012ed4b3340	16d82b0659566de84134e4c9fbbd8673c8e4d63a1e08649459d2e64da9e56d88	unregistered-base-fallback	CNPC_VHengeyokai
npc_VHuman	CNPC_VHuman	10383fa0	10384010	10013926	0x6660	104b742c	10384025	constructor-final-write	22ac34076b753a9526f25328b6736ea2da4e36c7e56968cce192d05957d51259	aa4000a5529c2d9e047be89919a2f009c7df07f01a2244d0088b4128f742821b	shared-npc	CNPC_VHuman
npc_VHumanCombatPatrol	CNPC_VHumanCombatPatrol	10387660	103876d0	1000803f	0x6668	104b8bbc	103876e3	constructor-final-write	bbd3f61fc3667e441bea138d33fe29b3dc8412dfe815c6ec8446908cfdd6eaed	41cd493064e74ba06680be02d32e9c80a8717e2fca6571341a492283bc1f2d70	unregistered-base-fallback	CNPC_VHumanCombatPatrol
npc_VHumanCombatant	CNPC_VHumanCombatant	10386a30	10386aa0	100037f6	0x6664	104b7ff4	10386ab3	constructor-final-write	73e7d07892455a8f832a5b07fee5f706d9f8cebf3bee67d960de10d073597145	5e96738aae2994090173e86cd25d9bda256cb0f538912a1506c638c05f675532	shared-npc	CNPC_VHumanCombatant
npc_VHunter	CNPC_VHunter	10387f60	10388010	1000b7da	0x666c	104b9784	10388030	constructor-final-write	ff4a28e17e68ba1a0b64098124c80e0d7a3b38167d3e5f638b9b4c4326d2d3b3	f5c6a97cab84aa6894435572a748adf98160af65b3762cba350f578f9f595f1d	shared-npc	CNPC_VHunter
npc_VLasombra	CNPC_VLasombra	10388d30	10388da0	10014c8b	0x666c	104ba34c	10388db3	constructor-final-write	e503751813d7be6441eba0b4df6055f4a2d52f51523fe66515c646ff2df82a3c	f44024923b19f9657c2540cb65537c0293decaae936027d6009d3c78d22a6ac5	stub-base-entity	CNPC_VLasombra
npc_VMalkavian	CNPC_VMalkavian	103894b0	10389520	1000a77c	0x6668	104baf14	10389533	constructor-final-write	3d4881cec7bf99014de4aa0ead2c283b49dcad96e2fe1d599df050d5ca8e54e2	444cf67f9a31eeaab5f43f8d09d5adbc0779d03038108c9e4d329604d03312c9	unregistered-base-fallback	CNPC_VMalkavian
npc_VManBat	CNPC_VManBat	10389c50	10389cc0	10013f4d	0x66bc	104bbaec	10389d50	constructor-final-write	12a5f2f1c804b1cadfde72916b9baf3bba8ddcba43824084bfad1b412ab9467a	27b05ecc2c63d85039484e698d369e0c7ea7df92283bf246fefa19d2e7b0b97a	unregistered-base-fallback	CNPC_VManBat
npc_VMercurio	CNPC_ProneDialog	103a4ab0	10386aa0	100037f6	0x6664	104c2554	103a4acb	inline-final-write	1942b686be1c9c9b27a28a596c75a689d7488ebea114c433d9054025435837d5	5e96738aae2994090173e86cd25d9bda256cb0f538912a1506c638c05f675532	unregistered-base-fallback	CNPC_ProneDialog
npc_VMingXiao	CNPC_VMingXiao	10390e70	10390ee0	10008b89	0x6754	104bc704	10390f62	constructor-final-write	9d429dd80dd1ee33d37b69f192148c269d777c1982158dd6634bfc1cef01dd28	de81e43db6986524e63e8fdeb50bc1c94350b5dbc1986a5cb777222b01ed431c	unregistered-base-fallback	CNPC_VMingXiao
npc_VMingXiaoTentacle	CNPC_VMingXiaoTentacle	1039af30	1039afe0	1000da53	0x669c	104bdea4	1039b002	constructor-final-write	d0afaba0ba840fd62cf4d1b1e9904c37f920fc237a8645d22d94d14ec6600072	f4c78bbe0bb61daee2dc940f9ce49dc847780223897d9fdc74f634eacc1f47c2	unregistered-base-fallback	CNPC_VMingXiaoTentacle
npc_VMoleman	CNPC_VMoleman	1039f550	1039f5c0	100156b3	0x6664	104bea6c	1039f5d3	constructor-final-write	444593eb7da1c9d6672056ead98414e35d12c60d93e35fafd71d8d3427357b44	6f59bc027f92bf0345427cdcb854a6c133585fe64a6325ff46413ff94e213b7a	unregistered-base-fallback	CNPC_VMoleman
npc_VNewscaster	CNPC_VNewscaster	1039fef0	1039ff60	1000edd6	0x6694	104bf634	1039ffb8	constructor-final-write	813116ebccdeb5233dc935a04992bb8ffc2e702a84230fa01587db6367b9382b	a6096420f6d49f97c56d4b59cb97e7d08ced63eb8a5547f6928752694c3880c7	shared-npc	CNPC_VNewscaster
npc_VNosferatu	CNPC_VNosferatu	103a13f0	103a1460	1000a966	0x6668	104c01fc	103a1473	constructor-final-write	781673ec0baaaf8ea8f9e879294bbcda53c891aea4ea6429f6a3c9ee30d347fa	8acd414da1ecb6e0e8aa5ce22f728040a2c086418d76678ac56b077412c6ba83	unregistered-base-fallback	CNPC_VNosferatu
npc_VPedestrian	CNPC_VPedestrian	103a1cb0	103a1d90	1000d5b7	0x6684	104c0dc4	103a1da3	constructor-final-write	f5d7d582c6953efccb708123b31c10383b20f063901261e5985c67ba3b94e7e5	b6bb84a19bccdf31bf85733d3ebfdcfad7e1a997bae6be077d6bfeb17a852128	shared-npc	CNPC_VPedestrian
npc_VPlaceholder	CNPC_VPlaceholder	103a3a20	103a40c0	10002932	0x6660	104c198c	103a40d6	constructor-final-write	c769f0eb05925bf5bf41914e97fa12956ad08dc7dcac1477a1e0e6fc65b78005	1b47261a892d4aa9484f30f24b08a21d9883fce27476131721b8bad59358c111	unregistered-base-fallback	-
npc_VPlayerController	CNPC_VPlayerController	103a4470	103c48e0	1000425a	0x6664	104b2d4c	103a448b	inline-final-write	c77348b28f78fe369f22a6fa13f424e4fb743003f88d13c23655f024ae974acc	6d067425209ebc9556551c4a400334db21a74bdc9a4f8909db7d7af67c0a4f4f	controller-leaf	CNPC_VPlayerController
npc_VProneDialog	CNPC_ProneDialog	103a4b30	10386aa0	100037f6	0x6664	104c2554	103a4b4b	inline-final-write	6ef98438d5196ee1ed817e3c9d1d3b299408566c2aed2294b3fe51c306074006	5e96738aae2994090173e86cd25d9bda256cb0f538912a1506c638c05f675532	stub-base-entity	CNPC_ProneDialog
npc_VRat	CNPC_VRat	103ad710	103abb00	1000104b	0x66a0	104c558c	103ad72b	inline-final-write	59003374a0b0a660c00cf6cd261b282b18b138d69c853d74e681e8a66b04ba9f	c62f2142cfa014413cc0fb3272d870dacf2880958ddcbf7b0c5f06cfd806676b	shared-npc	CNPC_VRat
npc_VSabbatGunman	CNPC_VSabbatGunman	103a4ff0	103a5060	1001253a	0x6668	104c311c	103a5073	constructor-final-write	eb55b5a1925bfc08f3d8644d1d6700337104d5f836e8fc26ced7cdc985587714	ffbcff730be64755753d629960c817638c76f88548ab2e4d5135d13928d32040	unregistered-base-fallback	CNPC_VSabbatGunman
npc_VSabbatLeader	CNPC_VSabbatLeader	103a5ae0	103a5be0	1000a87b	0x66e8	104c3d64	103a5c3e	constructor-final-write	2829dea07bc7814e11ebc78934fc9af0f17090546337b9e414b807a0064444d3	52034b13abfb482d0ab8322f130278876ee9001ea37d8835e48935ca92d3404d	shared-npc	CNPC_VSabbatLeader
npc_VScurrying	CNPC_VScurrying	103aba00	103abb00	1000104b	0x66a0	104c4944	103abb30	constructor-final-write	91a9722d632155efd33447007d9a5e75181ff93cdf4fa77de08d45f97092815d	c62f2142cfa014413cc0fb3272d870dacf2880958ddcbf7b0c5f06cfd806676b	unregistered-base-fallback	CNPC_VScurrying
npc_VSheriffMan	CNPC_VSheriffMan	103ada30	103ae3e0	10002c07	0x66fc	104c619c	103ae453	constructor-final-write	024085f7afb58ffbfad71005e4c3ed97253792590a6967f993ee1cfa0fd6cb8e	ff4bc61c69554819e875ff856c258410237d15278b98709e294f79796f87f519	unregistered-base-fallback	-
npc_VSheriffSwarm	CNPC_VSheriffSwarm	103b1b70	103b1be0	1000f245	0x6668	104c7284	103b1bf3	constructor-final-write	2ce0bb66876294890912732306295b893e220b986ce706862676bb88f8262735	cb502a3e739b9bc463a5bbf6b68f101353aa38d47165896844b5172f6286610a	unregistered-base-fallback	CNPC_VSheriffSwarm
npc_VStalker	CNPC_VStalker	103b2800	103b2870	1000119a	0x6668	104c7e4c	103b2883	constructor-final-write	febf7bcb443824f95127d30ffc395df65f7a75a64d1ac89430e3eda9ed86fc79	3e661023583261b8f749da333ef323e8ce6497e8415261d75b66d9ce2705aae3	unregistered-base-fallback	CNPC_VStalker
npc_VTaxiDriver	CNPC_VTaxiDriver	103b2ed0	10384010	10013926	0x6664	104c8a14	103b2ef6	inline-final-write	5a50000120d9a33cb6ef27e677f03214be42506947a4884f395cf7e9b0b22c03	aa4000a5529c2d9e047be89919a2f009c7df07f01a2244d0088b4128f742821b	shared-npc	CNPC_VTaxiDriver
npc_VTest	CNPC_VTest	103b3a70	103b3ae0	10003238	0x6668	104c95dc	103b3af3	constructor-final-write	9edf0331b4a22e77a6100cc6557d89d874c855ec8a9022391cb195a700a7b817	dae0dad736dd4530d1c661092dc0a7dd4a4780ad8f858a7b6b2fb5ad7b9ed1ba	unregistered-base-fallback	CNPC_VTest
npc_VToreador	CNPC_VToreador	103b5280	103b52f0	100098cc	0x6668	104ca1a4	103b5303	constructor-final-write	c94c786a0d4810cd18570975e9f21cb8c8090985f13f74ba627de0793e2b791a	172c4cb5a120ceeb6bee803a36c25b479c6124a1147ff7771bc31f6400d53ddd	unregistered-base-fallback	CNPC_VToreador
npc_VTremere	CNPC_VTremere	103b5a20	103b5a90	10006bb8	0x6668	104cad6c	103b5aa3	constructor-final-write	df3c664f986833f8624be507b1db9ef56a1c4d01fbd7d5a536d28c0ee1aa81ec	1fac15375939e59bdafe806d64eb3725097fa49e4dcbe95efad4f39545f2b858	unregistered-base-fallback	CNPC_VTremere
npc_VTzimisce	CNPC_VTzimisce	103b6bf0	103b6c60	10006d66	0x66c0	104cb934	103b6cd0	constructor-final-write	0520593f8892fbff54ac329c068483e31f7b4edfc193af81f1f2307c700115b5	abb0e1e622f0bb15237442a2efa4030a2ec7ac8c724ba82ddeb95ea4f07d6126	unregistered-base-fallback	CNPC_VTzimisce
npc_VTzimisceHeadClaw	CNPC_VTzimisceHeadClaw	103c11b0	103c1220	10009589	0x6684	104cc564	103c1289	constructor-final-write	12071327e4563db6abe4d32fef98b7920aaa4dbeb6b7e573f6acd66cf7b274e9	59af1a199560aaa7453169b194b3310835bcef7eb7422cf143e49b7f989c0a8a	unregistered-base-fallback	CNPC_VTzimisceHeadClaw
npc_VTzimisceRunner	CNPC_VTzimisceRunner	103c2f30	103c2fa0	1000a05b	0x667c	104cd144	103c2fff	constructor-final-write	2a3ea68854fb7f30af1636445663aa2cac6fcfafde93e410c1caeed898689132	b5f8899ca2fd8b25069df39ce30099119b528a784da6d9323540a55a93792e1f	shared-npc	CNPC_VTzimisceRunner
npc_VVampire	CNPC_VVampire	103c4870	103c48e0	1000425a	0x6664	104cdd24	103c48f3	constructor-final-write	b8d851fff88d7648a2ce7be308bc6ac4905e186b2942a65a71ca2ba4848cb34b	6d067425209ebc9556551c4a400334db21a74bdc9a4f8909db7d7af67c0a4f4f	shared-npc	CNPC_VVampire
npc_VVampireBoss	CNPC_VVampireBoss	103c4fa0	103c48e0	1000425a	0x66b8	104a7b94	103c4ff6	inline-final-write	c09eaae64eb76602ebd86b593b5eb449cf08955aea9edc4189f33de54a418579	6d067425209ebc9556551c4a400334db21a74bdc9a4f8909db7d7af67c0a4f4f	stub-base-entity	-
npc_VVentrue	CNPC_VVentrue	103c7700	103c7770	100119be	0x6668	104ce8fc	103c7783	constructor-final-write	63a2523c38bfe68a7eb172f7603e0b9ae3eec736fc184860a95cfab2266c65ec	7362ab188fb99b7b56f6dde21a272d6ff66882a7667086fb88d0b1efce77174e	unregistered-base-fallback	CNPC_VVentrue
npc_VWerewolf	CNPC_VWerewolf	103c8760	103ca4b0	1000d369	0x67a4	104cf4d4	103ca55e	constructor-final-write	22dc6acd3ad82cd64bbf53eedaa4435079d355b8e41081f96ba957037be31138	e25fb950c7adfa25c6e4172b6a1ae944d7e6582951d91d1356ce09afba5e63d7	unregistered-base-fallback	-
npc_VWolfMorph	CNPC_VWolfMorph	103dc6c0	103c48e0	1000425a	0x6670	104d05a4	103dc6f6	inline-final-write	cc0a02db669777d2f8ffb73e755c583ade674db4c3ed8674800f905bb22a372d	6d067425209ebc9556551c4a400334db21a74bdc9a4f8909db7d7af67c0a4f4f	unregistered-base-fallback	CNPC_VWolfMorph
npc_VYukie	CNPC_VYukie	103dcf90	103dd000	10014f42	0x666c	104d116c	103dd020	constructor-final-write	5218e5fad2a50e07e4a1e47941cfbcecb197ce289d1f4ba884e903c74937aa91	62942b178065fd6893e2832392abe9c0cb3f8e5f6ce1a36d47cfd777dc0c19d4	unregistered-base-fallback	CNPC_VYukie
npc_VZombie	CNPC_VZombie	103ddd70	103de220	10011158	0x6700	104d1d3c	103de24f	constructor-final-write	92b3ed7e00aad85fed95d96879a0eea79b6f0af58940cf3e0421d87215f748a7	301703ccd8e9bc34f9b6e4bc2e06a474bd82a2474a4f3079202ac137c4e378f9	unregistered-base-fallback	-
npc_bullseye	CNPC_Bullseye	10356630	103566a0	10012d3c	0x5f78	104a374c	103566c8	constructor-final-write	92ced35a99d068ea8346f9c059fc48660943ef181f0f0f3947dfd8cb6099c74e	a87ab66ac31048cb3d9602476a1f9dd5d4a69a4d40d756f65102487a14970458	unregistered-base-fallback	CNPC_Bullseye
npc_crow	CNPC_Crow	103572d0	1027c300	10006659	0x5f5c	104a426c	103572f6	inline-final-write	c1f0418ebad561262e64f88414411fd5d536e89dcd0a7da17de06d18abaa29c6	29146150f48de3a38ea255d760f607dcdfd06259dbf0044e4451bd3a3f9ca171	unregistered-base-fallback	CNPC_Crow
npc_generic	CGeneric_NPC	10359cf0	10359ec0	1000b401	0x6660	104a4da4	10359ed3	constructor-final-write	519b7c86c27dc5f75882a79a82ebb0a18622b29b108744e30be737917b3705a5	9285cb84764785003892f9461f680f3b0451198dfe3562d86483ea8a3af5dcb3	unregistered-base-fallback	CGeneric_NPC
npc_generic_bathack	CGeneric_NPC_bathack	1035ab40	1035ad10	1000435e	0x5f48	104a596c	1035ad23	constructor-final-write	6aaac0d6850737d8588b0f743897c7404e613f2ac228a11388bd8ba51959d972	fd2fbfdb533c698e88b504ee6795053e1dcd1d4c27ed8c494f4fa050daa3b70d	unregistered-base-fallback	CGeneric_NPC_bathack
npc_maker	CNPCMaker	1034aae0	1034ad80	100047a5	0x76d0	1049f404	1034adab	constructor-final-write	110f65ae8ea0ccf5e8219f3f83a4b1192779c613854b18b349af67f4150a069e	5b41120e4137faf687719624049676f3018a314b75181956a27e70ce684824ee	maker-leaf	-
npc_maker_fleshpile	CNPCMaker_Fleshpile	1034bd50	1034be50	1001136f	0x76d0	1049ffe4	1034be5a	constructor-final-write	502ad4194e3a85cf73a26ab634123c823698cbd4397d71d38a2308ac064111d0	786e6f2aafebca99cfdfc11cb7e1d628e18999f70c1d3677b6776153ee958862	maker-leaf	CNPCMaker_Fleshpile
npc_maker_zombie	CNPCMaker_Zombie	1034c980	1034ca80	1000902a	0x76dc	104a0bbc	1034ca8a	constructor-final-write	bcda94f12d55e665f315740f01c27234455f4e15861f08d1d37b0f4d8de84112	a81b0dd67aa66d772b8a5a18fc8f17b2486ffe0c1ef5300b84692cb8e256e950	maker-leaf	CNPCMaker_Zombie
npc_payphone	CPayphone	101aa550	1028d230	100157df	0x665c	10479814	101aa56b	inline-final-write	a52f02ad78ee8f4ae36efe1675283fd5ee405472de195f75c3bebdf656574be5	f0eac46fc737472bb21da7389f171b55464b99493ecb1a6bda463d521b1167bf	shared-npc	CPayphone
npc_sabbat	CGenericSabbat_NPC	1035b350	1035b520	10003314	0x5f48	104a648c	1035b533	constructor-final-write	65a0f1eab8243ea31c0372a3303d3ec2ecff6c81ba031f10422b5fbc2606ad1f	bc20caa1433a1a8dffab7c569371a36d1cdc47d5321988e40d344e953dc5b3db	unregistered-base-fallback	CGenericSabbat_NPC
scripted_sequence	CCineNPC	101a6260	101a62d0	1000ee9e	0x608c	104771e4	101a6315	constructor-final-write	edcf3db9bb79b00a0d7baf4ee9b41654e70ef0e7c3b44e68ba43416304bbba94	86651622eb5a73a5119dd9e02bce22bc75773de714a4d717f1af8a44b44a5fd4	sequence-leaf	-
scripted_target	CScriptedTarget	1034d370	1027c300	10006659	0x5fb4	104a1794	1034d3ac	inline-final-write	9f9ff29b1083e3d4aaaf66c59558c3c53912593b114dd702b43883accc250734	29146150f48de3a38ea255d760f607dcdfd06259dbf0044e4451bd3a3f9ca171	unregistered-base-fallback	-
