module	declaring_class	offset	member	type	width	flags	current_path	final_path	disposition	step
vampire.dll	CAI_BaseNPC	0x1a40	m_bShouldMove	bool	0x1	2	FElysiumNpc::ScheduleHost.bShouldMove	FElysiumNpcBase::BaseScheduleHost.bShouldMove	split aggregate by declaring layer; preserve inherited binding	5
vampire.dll	CAI_BaseNPC	0x1b24	m_flCacheInterruptTime	float	0x4	2	FElysiumNpc::ScheduleHost.CacheInterruptTime	FElysiumNpcBase::BaseScheduleHost.CacheInterruptTime	split aggregate by declaring layer; preserve inherited binding	5
vampire.dll	CAI_BaseNPC	0x1b4c	m_bRanAI	bool		no-datamap	FElysiumNpc::ScheduleHost.bRanAi	FElysiumNpcBase::BaseScheduleHost.bRanAi	split aggregate by declaring layer; preserve inherited binding	5
vampire.dll	CAI_BaseNPC	0x5bb0	m_iSquadDisconnected	int	0x4	2	FElysiumNpc::ScheduleHost.SquadDisconnected	FElysiumNpcBase::BaseScheduleHost.SquadDisconnected	split aggregate by declaring layer; preserve inherited binding	5
vampire.dll	CAI_BaseNPC	0x5c3c	m_IdealSchedule	int	0x4	2	FElysiumNpc::ScheduleHost.IdealScheduleRetail	FElysiumNpcBase::BaseScheduleHost.IdealScheduleRetail	split aggregate by declaring layer; preserve inherited binding	5
vampire.dll	CAI_BaseNPC	0x5c58	m_bDoPostRestoreRefindPath	bool		no-datamap	FElysiumNpc::ScheduleHost.bDoPostRestoreRefindPath	FElysiumNpcBase::BaseScheduleHost.bDoPostRestoreRefindPath	split aggregate by declaring layer; preserve inherited binding	5
vampire.dll	CAI_BaseNPC	0x5cf0	m_flMoveWaitFinished	float	0x4	2	FElysiumNpc::ScheduleHost.MoveWaitFinished	FElysiumNpcBase::BaseScheduleHost.MoveWaitFinished	split aggregate by declaring layer; preserve inherited binding	5
vampire.dll	CAI_BaseNPC	0x5d8c	m_afMemory	int	0x4	2	FElysiumNpc::ScheduleHost.MemoryBits	FElysiumNpcBase::BaseScheduleHost.MemoryBits	split aggregate by declaring layer; preserve inherited binding	5
vampire.dll	CAI_BaseNPC	0x5db0	m_strHintGroup	string_t	0x4	6	FElysiumNpc::ScheduleHost.HintGroup	FElysiumNpcBase::BaseScheduleHost.HintGroup	split aggregate by declaring layer; preserve inherited binding	5
vampire.dll	CAI_BaseNPC	0x5db4	m_flWaitFinished	float	0x4	2	FElysiumNpc::ScheduleHost.WaitFinished	FElysiumNpcBase::BaseScheduleHost.WaitFinished	split aggregate by declaring layer; preserve inherited binding	5
vampire.dll	CAI_BaseNPC	0x5ddc	m_pHintNode	CBaseEntity*	0x4	2	FElysiumNpc::ScheduleHost.HintNode	FElysiumNpcBase::BaseScheduleHost.HintNode	split aggregate by declaring layer; preserve inherited binding	5
vampire.dll	CAI_BaseNPC	0x5de8	m_pGoalEnt	CBaseEntity*	0x4	2	FElysiumNpc::ScheduleHost.GoalEnt	FElysiumNpcBase::BaseScheduleHost.GoalEnt	split aggregate by declaring layer; preserve inherited binding	5
vampire.dll	CAI_BaseNPC	0x5df4	m_hStoredPathTarget	EHANDLE		no-datamap	FElysiumNpc::ScheduleHost.StoredPathTarget	FElysiumNpcBase::BaseScheduleHost.StoredPathTarget	split aggregate by declaring layer; preserve inherited binding	5
vampire.dll	CAI_BaseNPC	0x5df8	m_vecStoredPathGoal	Vector		no-datamap	FElysiumNpc::ScheduleHost.StoredPathGoal	FElysiumNpcBase::BaseScheduleHost.StoredPathGoal	split aggregate by declaring layer; preserve inherited binding	5
vampire.dll	CAI_BaseNPC	0x5e04	m_nStoredPathType	GoalType_t		no-datamap	FElysiumNpc::ScheduleHost.StoredPathType	FElysiumNpcBase::BaseScheduleHost.StoredPathType	split aggregate by declaring layer; preserve inherited binding	5
vampire.dll	CAI_BaseNPC	0x5e08	m_fStoredPathFlags	int		no-datamap	FElysiumNpc::ScheduleHost.StoredPathFlags	FElysiumNpcBase::BaseScheduleHost.StoredPathFlags	split aggregate by declaring layer; preserve inherited binding	5
vampire.dll	CAI_BaseNPC	0x5f30	m_failText	const char*		no-datamap	FElysiumNpc::ScheduleHost.FailText	FElysiumNpcBase::BaseScheduleHost.FailText	split aggregate by declaring layer; preserve inherited binding	5
vampire.dll	CAI_BaseNPC	0x5f34	m_interruptText	const char*		no-datamap	FElysiumNpc::ScheduleHost.InterruptText	FElysiumNpcBase::BaseScheduleHost.InterruptText	split aggregate by declaring layer; preserve inherited binding	5
vampire.dll	CAI_BaseNPC	0x5f38	m_failedSchedule	CAI_Schedule*		no-datamap	FElysiumNpc::ScheduleHost.FailedSchedule	FElysiumNpcBase::BaseScheduleHost.FailedSchedule	split aggregate by declaring layer; preserve inherited binding	5
vampire.dll	CAI_BaseNPC	0x5f3c	m_interuptSchedule	CAI_Schedule*		no-datamap	FElysiumNpc::ScheduleHost.InterruptSchedule	FElysiumNpcBase::BaseScheduleHost.InterruptSchedule	split aggregate by declaring layer; preserve inherited binding	5
vampire.dll	CAI_BaseNPCTroika	0x6240	m_hMoveTargetEnt	EHANDLE	0x4	2	FElysiumNpc::ScheduleHost.MoveTarget	FElysiumNpc::ScheduleHost.MoveTarget	split aggregate by declaring layer; preserve inherited binding	5
vampire.dll	CAI_BaseNPCTroika	0x6244	m_flNextUpdateThink	float	0x4	2	FElysiumNpc::ScheduleHost.NextUpdate	FElysiumNpc::ScheduleHost.NextUpdate	split aggregate by declaring layer; preserve inherited binding	5
vampire.dll	CAI_BaseNPCTroika	0x6248	m_flNextNormalThink	float	0x4	2	FElysiumNpc::ScheduleHost.NextNormal	FElysiumNpc::ScheduleHost.NextNormal	split aggregate by declaring layer; preserve inherited binding	5
vampire.dll	CAI_BaseNPCTroika	0x624c	m_flNextMoveThink	float	0x4	2	FElysiumNpc::ScheduleHost.NextMove	FElysiumNpc::ScheduleHost.NextMove	split aggregate by declaring layer; preserve inherited binding	5
vampire.dll	CAI_BaseNPCTroika	0x6250	m_flNextAIThink	float	0x4	2	FElysiumNpc::ScheduleHost.NextAI	FElysiumNpc::ScheduleHost.NextAI	split aggregate by declaring layer; preserve inherited binding	5
vampire.dll	CAI_BaseNPCTroika	0x6254	m_flLastUpdateThink	float	0x4	2	FElysiumNpc::ScheduleHost.LastUpdate	FElysiumNpc::ScheduleHost.LastUpdate	split aggregate by declaring layer; preserve inherited binding	5
vampire.dll	CAI_BaseNPCTroika	0x6258	m_flLastNormalThink	float	0x4	2	FElysiumNpc::ScheduleHost.LastNormal	FElysiumNpc::ScheduleHost.LastNormal	split aggregate by declaring layer; preserve inherited binding	5
vampire.dll	CAI_BaseNPCTroika	0x625c	m_flLastMoveThink	float	0x4	2	FElysiumNpc::ScheduleHost.LastMove	FElysiumNpc::ScheduleHost.LastMove	split aggregate by declaring layer; preserve inherited binding	5
vampire.dll	CAI_BaseNPCTroika	0x6260	m_flLastAIThink	float	0x4	2	FElysiumNpc::ScheduleHost.LastAI	FElysiumNpc::ScheduleHost.LastAI	split aggregate by declaring layer; preserve inherited binding	5
vampire.dll	CAI_BaseNPCTroika	0x6268	m_flEnemyDist	float	0x4	2	FElysiumNpc::ScheduleHost.EnemyDistUnits	FElysiumNpc::ScheduleHost.EnemyDistUnits	split aggregate by declaring layer; preserve inherited binding	5
vampire.dll	CAI_BaseNPCTroika	0x626c	m_flEnemyHeightDiff	float	0x4	2	FElysiumNpc::ScheduleHost.EnemyHeightDiffUnits	FElysiumNpc::ScheduleHost.EnemyHeightDiffUnits	split aggregate by declaring layer; preserve inherited binding	5
vampire.dll	CAI_BaseNPCTroika	0x6270	m_flEnemyLastKnownDist	float	0x4	2	FElysiumNpc::ScheduleHost.EnemyLastKnownDistUnits	FElysiumNpc::ScheduleHost.EnemyLastKnownDistUnits	split aggregate by declaring layer; preserve inherited binding	5
vampire.dll	CAI_BaseNPCTroika	0x62e0	m_sHintGroups	string_t	0x4	6	FElysiumNpc::ScheduleHost.HintGroups	FElysiumNpc::ScheduleHost.HintGroups	split aggregate by declaring layer; preserve inherited binding	5
vampire.dll	CAI_BaseNPCTroika	0x62e4	m_iHintGroups	int	0x4	2	FElysiumNpc::ScheduleHost.HintGroupMask	FElysiumNpc::ScheduleHost.HintGroupMask	split aggregate by declaring layer; preserve inherited binding	5
vampire.dll	CAI_BaseNPCTroika	0x6300	m_pPatrolInterestPlace	CAI_InterestingPlace*		no-datamap	FElysiumNpc::ScheduleHost.Unknown6300	FElysiumNpc::ScheduleHost.Unknown6300	split aggregate by declaring layer; preserve inherited binding	5
vampire.dll	CAI_BaseNPCTroika	0x6320	m_flGoalTolerance	float	0x4	2	FElysiumNpc::ScheduleHost.GoalToleranceCm	FElysiumNpc::ScheduleHost.GoalToleranceCm	split aggregate by declaring layer; preserve inherited binding	5
vampire.dll	CAI_BaseNPCTroika	0x6324	m_flInsideInterruptDistanceSqr	float	0x4	2	FElysiumNpc::ScheduleHost.InsideInterruptDistanceSqr	FElysiumNpc::ScheduleHost.InsideInterruptDistanceSqr	split aggregate by declaring layer; preserve inherited binding	5
vampire.dll	CAI_BaseNPCTroika	0x6328	m_flOutsideInterruptDistanceSqr	float	0x4	2	FElysiumNpc::ScheduleHost.OutsideInterruptDistanceSqr	FElysiumNpc::ScheduleHost.OutsideInterruptDistanceSqr	split aggregate by declaring layer; preserve inherited binding	5
vampire.dll	CAI_BaseNPCTroika	0x632c	m_flInterruptTime	float	0x4	2	FElysiumNpc::ScheduleHost.InterruptTime	FElysiumNpc::ScheduleHost.InterruptTime	split aggregate by declaring layer; preserve inherited binding	5
vampire.dll	CAI_BaseNPCTroika	0x6330	m_flWaitFinishedDelta	float	0x4	2	FElysiumNpc::ScheduleHost.WaitFinishedDelta	FElysiumNpc::ScheduleHost.WaitFinishedDelta	split aggregate by declaring layer; preserve inherited binding	5
vampire.dll	CAI_BaseNPCTroika	0x6334	m_bWaitFinishedSet	bool	0x1	2	FElysiumNpc::ScheduleHost.bWaitFinishedSet	FElysiumNpc::ScheduleHost.bWaitFinishedSet	split aggregate by declaring layer; preserve inherited binding	5
vampire.dll	CAI_BaseNPCTroika	0x63e0	m_fSavePositionWalk	bool	0x1	2	FElysiumNpc::ScheduleHost.bSavePositionWalk	FElysiumNpc::ScheduleHost.bSavePositionWalk	split aggregate by declaring layer; preserve inherited binding	5
vampire.dll	CAI_BaseNPCTroika	0x63ec	m_flDesiredMoveYaw	float	0x4	2	FElysiumNpc::ScheduleHost.DesiredMoveYaw	FElysiumNpc::ScheduleHost.DesiredMoveYaw	split aggregate by declaring layer; preserve inherited binding	5
vampire.dll	CAI_BaseNPCTroika	0x6400	m_flNextCoverLOSCheck	float	0x4	2	FElysiumNpc::ScheduleHost.NextCoverLosCheck	FElysiumNpc::ScheduleHost.NextCoverLosCheck	split aggregate by declaring layer; preserve inherited binding	5
vampire.dll	CAI_BaseNPCTroika	0x6404	m_iFailedCoverLOSChecks	int	0x4	2	FElysiumNpc::ScheduleHost.FailedCoverLosChecks	FElysiumNpc::ScheduleHost.FailedCoverLosChecks	split aggregate by declaring layer; preserve inherited binding	5
vampire.dll	CAI_BaseNPCTroika	0x6408	m_bForceCoverLOSCheck	bool	0x1	2	FElysiumNpc::ScheduleHost.bForceCoverLosCheck	FElysiumNpc::ScheduleHost.bForceCoverLosCheck	split aggregate by declaring layer; preserve inherited binding	5
vampire.dll	CAI_BaseNPCTroika	0x6436	m_bAllowKickHintUse	bool	0x1	6	FElysiumNpc::ScheduleHost.bAllowKickHintUse	FElysiumNpc::ScheduleHost.bAllowKickHintUse	split aggregate by declaring layer; preserve inherited binding	5
vampire.dll	CAI_BaseNPCTroika	0x6438	m_flKickPhysicsPropSearchTimer	float	0x4	2	FElysiumNpc::ScheduleHost.KickPropSearchTimer	FElysiumNpc::ScheduleHost.KickPropSearchTimer	split aggregate by declaring layer; preserve inherited binding	5
vampire.dll	CAI_BaseNPCTroika	0x643c	m_hKickPhysicsProp	EHANDLE	0x4	2	FElysiumNpc::ScheduleHost.KickProp	FElysiumNpc::ScheduleHost.KickProp	split aggregate by declaring layer; preserve inherited binding	5
vampire.dll	CAI_BaseNPCTroika	0x6440	m_flNextShootAtHintSearchTime	float		no-datamap	FElysiumNpc::ScheduleHost.NextShootAtHintSearchTime	FElysiumNpc::ScheduleHost.NextShootAtHintSearchTime	split aggregate by declaring layer; preserve inherited binding	5
vampire.dll	CAI_BaseNPCTroika	0x6444	m_pShootAtHint	CAI_Hint*		no-datamap	FElysiumNpc::ScheduleHost.ShootAtHintNode	FElysiumNpc::ScheduleHost.ShootAtHintNode	split aggregate by declaring layer; preserve inherited binding	5
vampire.dll	CAI_BaseNPCTroika	0x6448	m_hHintCoverObject	EHANDLE	0x4	2	FElysiumNpc::ScheduleHost.HintCoverObject	FElysiumNpc::ScheduleHost.HintCoverObject	split aggregate by declaring layer; preserve inherited binding	5
vampire.dll	CAI_BaseNPCTroika	0x659c	m_pPatrolInterestHint	CAI_Hint*		no-datamap	FElysiumNpc::ScheduleHost.Unknown659c	FElysiumNpc::ScheduleHost.Unknown659c	split aggregate by declaring layer; preserve inherited binding	5
vampire.dll	CAI_BaseNPCTroika	0x65a0	m_bPatrolPathUseHint	bool	0x1	2	FElysiumNpc::ScheduleHost.bPatrolPathUseHint	FElysiumNpc::ScheduleHost.bPatrolPathUseHint	split aggregate by declaring layer; preserve inherited binding	5
vampire.dll	CAI_BaseNPCTroika	0x65c8	m_iForcedSchedule	int	0x4	2	FElysiumNpc::ScheduleHost.ForcedSchedule	FElysiumNpc::ScheduleHost.ForcedSchedule	split aggregate by declaring layer; preserve inherited binding	5
vampire.dll	CAI_BaseNPCTroika	0x65d0	m_vecSavedAttackExtents	Vector	0xc	2	FElysiumNpc::ScheduleHost.SavedSleepExtents	FElysiumNpc::ScheduleHost.SavedSleepExtents	split aggregate by declaring layer; preserve inherited binding	5
vampire.dll	CBaseCombatCharacter	0x10e8	m_iFloatSoundFrequency	int	4	6	FElysiumNpc::FloatSoundFrequency	FElysiumCombatCharacter::FloatSoundFrequency	move to declaring owner; inherited bindings; preserve flags	5
vampire.dll	CBaseCombatCharacter	0x10ec	m_flNextFloatSoundTime	time	4	2	FElysiumNpc::NextFloatSoundTime	FElysiumCombatCharacter::NextFloatSoundTime	move to declaring owner; inherited bindings; preserve flags	5
vampire.dll	CNPC_VCop	0x6664	m_hPursuitPlayer	ehandle	4	2	FElysiumNpc::CopPursuitHandle	FElysiumNpcCop::CopPursuitHandle	move to declaring owner; inherited bindings; preserve flags	4
vampire.dll	CNPC_VHunter	0x6664	m_hPursuitPlayer	ehandle	4	2	FElysiumNpc::HunterPursuitPlayer	FElysiumNpcHunter::HunterPursuitPlayer	move to declaring owner; inherited bindings; preserve flags	4
vampire.dll	CAI_BaseNPCTroika	0x6080	m_bDisableAI	bool	1	2	FElysiumNpc::bDisableAi;FElysiumNpcMaker::bDisableAi	FElysiumNpc::bDisableAi	remove maker duplicate; preserve initial values and flags; review private accessor and participation	8
vampire.dll	CAI_BaseNPCTroika	0x6348	m_iPLInvestigateLevel	int	4	14	FElysiumNpc::PlInvestigate;FElysiumNpcMaker::PlInvestigate	FElysiumNpc::PlInvestigate	remove maker duplicate; preserve initial values and flags; review private accessor and participation	8
vampire.dll	CAI_BaseNPCTroika	0x634c	m_iPLCriminalFleeLevel	int	4	14	FElysiumNpc::PlCriminalFlee;FElysiumNpcMaker::PlCriminalFlee	FElysiumNpc::PlCriminalFlee	remove maker duplicate; preserve initial values and flags; review private accessor and participation	8
vampire.dll	CAI_BaseNPCTroika	0x6350	m_iPLCriminalAttackLevel	int	4	14	FElysiumNpc::PlCriminalAttack;FElysiumNpcMaker::PlCriminalAttack	FElysiumNpc::PlCriminalAttack	remove maker duplicate; preserve initial values and flags; review private accessor and participation	8
vampire.dll	CAI_BaseNPCTroika	0x6354	m_iPLSupernaturalFleeLevel	int	4	14	FElysiumNpc::PlSupernaturalFlee;FElysiumNpcMaker::PlSupernaturalFlee	FElysiumNpc::PlSupernaturalFlee	remove maker duplicate; preserve initial values and flags; review private accessor and participation	8
vampire.dll	CAI_BaseNPCTroika	0x6358	m_iPLSupernaturalAttackLevel	int	4	14	FElysiumNpc::PlSupernaturalAttack;FElysiumNpcMaker::PlSupernaturalAttack	FElysiumNpc::PlSupernaturalAttack	remove maker duplicate; preserve initial values and flags; review private accessor and participation	8
vampire.dll	CCollisionProperty	0x0040	m_Solid	int	4	6	FElysiumNpc::RetailSolidType;FElysiumNpcMaker::RetailSolidType	FElysiumNpc::RetailSolidType (existing collision seam)	remove maker duplicate; preserve initial values and flags; review private accessor and participation	8
