lower_layer	upper_layer	caller	caller_name	caller_maps	caller_status	callee	callee_name
L0 entity	L1 animation	0x1006e130	Global::FUN_1006e130	108	ported	0x1006ef50	Global::FUN_1006ef50
L0 entity	L1 animation	0x1006f080	Global::FUN_1006f080	108	ported	0x100927f0	CBaseAnimating::GetBoneTransform
L0 entity	L1 animation	0x1006f080	Global::FUN_1006f080	108	ported	0x10093000	CBaseAnimating::GetAttachment03
L0 entity	L1 animation	0x10070470	Global::FUN_10070470	108	ported	0x1006ef50	Global::FUN_1006ef50
L0 entity	L1 animation	0x10090180	CBaseAnimating::BecomeClientRagdoll	108	ported	0x10090950	Global::FUN_10090950
L0 entity	L1 animation	0x10090180	CBaseAnimating::BecomeClientRagdoll	108	ported	0x1008dc40	CBaseAnimating::SelectWeightedSequence
L0 entity	L1 animation	0x100a0670	Global::FUN_100a0670	108	settled:partial	0x101d1530	Global::FUN_101d1530
L0 entity	L1 animation	0x100b2150	CBaseEntity::GetParentToWorldTransform	108	missing	0x10093000	CBaseAnimating::GetAttachment03
L0 entity	L1 animation	0x100c3600	Global::FUN_100c3600	108	ported	0x1013b090	Global::FUN_1013b090
L0 entity	L1 animation	0x1013af60	Global::QuaternionMult	108	ported	0x1013a9f0	Global::FUN_1013a9f0
L0 entity	L1 animation	0x101de660	Global::FUN_101de660	108	ported	0x1008dc40	CBaseAnimating::SelectWeightedSequence
L0 entity	L1 animation	0x10241100	Global::FUN_10241100	108	settled:engine_replaced	0x10240cb0	Global::FUN_10240cb0
L0 entity	L1 animation	0x104287d0	Global::FUN_104287d0	108	settled:engine_replaced	0x100c7480	Global::FUN_100c7480
L0 entity	L1 animation	0x10192130	Global::FUN_10192130	107	settled:partial	0x100c6280	Global::FUN_100c6280
L0 entity	L1 animation	0x101925e0	Global::FUN_101925e0	107	settled:partial	0x10093b10	CBaseAnimating::SetBodygroup
L0 entity	L1 animation	0x101906c0	CDynamicProp::vfunc113	106	ported	0x1008f7b0	CBaseAnimating::LookupSequence
L0 entity	L1 animation	0x10190a00	CDynamicProp::InputSetAnimation	106	ported	0x1008f7b0	CBaseAnimating::LookupSequence
L0 entity	L1 animation	0x10190a00	CDynamicProp::InputSetAnimation	106	ported	0x100963d0	CBaseAnimating::ResetClientsideFrame
L0 entity	L1 animation	0x10190a00	CDynamicProp::InputSetAnimation	106	ported	0x10090950	Global::FUN_10090950
L0 entity	L1 animation	0x100fafa0	Global::FUN_100fafa0	99	settled:partial	0x10092d50	CBaseAnimating::LookupAttachment
L0 entity	L1 animation	0x102259e0	CPropDoorknob::Spawn	77	missing	0x10093b10	CBaseAnimating::SetBodygroup
L0 entity	L1 animation	0x10225bc0	CPropDoorknob::Remove	77	missing	0x1008f120	CBaseAnimating::StudioFrameAdvance
L0 entity	L1 animation	0x101914a0	CPhysicsProp::ShouldIgnoreCollision	73	named-in-port	0x1008bfe0	CBaseAnimating::ShouldIgnoreCollision
L0 entity	L1 animation	0x1018df70	CBaseProp::Spawn	72	ported	0x1008dc40	CBaseAnimating::SelectWeightedSequence
L0 entity	L1 animation	0x1018df70	CBaseProp::Spawn	72	ported	0x10095030	CBaseAnimating::SetModel
L0 entity	L1 animation	0x1019e8b0	Global::FUN_1019e8b0	62	settled:partial	0x1019e7d0	Global::FUN_1019e7d0
L0 entity	L1 animation	0x1020d9c0	CPropSwitch::vfunc113	50	unnamed:no caller	0x1008f7b0	CBaseAnimating::LookupSequence
L0 entity	L1 animation	0x1020df00	Global::FUN_1020df00	50	unnamed:open caller	0x10090950	Global::FUN_10090950
L0 entity	L1 animation	0x1020e100	CPropSwitch::vfunc130	50	unnamed:no caller	0x1008e310	CBaseAnimating::RemoveExtraAnimationModels
L0 entity	L1 animation	0x1019c330	Global::FUN_1019c330	15	unnamed:open caller	0x100c6520	Global::FUN_100c6520
L0 entity	L1 animation	0x10154e40	CRagdollProp::Spawn	14	missing	0x10092b50	CBaseAnimating::SetupBones
L0 entity	L1 animation	0x10154e40	CRagdollProp::Spawn	14	missing	0x10095030	CBaseAnimating::SetModel
L0 entity	L1 animation	0x10154fa0	CRagdollProp::FUN_10154fa0	14	unnamed:no caller	0x1008e310	CBaseAnimating::RemoveExtraAnimationModels
L0 entity	L1 animation	0x10155c20	CRagdollProp::TestCollision	14	missing	0x100956e0	CBaseAnimating::TestCollision
L0 entity	L1 animation	0x10193a50	CPropDestructable::Spawn	13	missing	0x10095030	CBaseAnimating::SetModel
L0 entity	L1 animation	0x10194160	CPropDestructable::InputPlayAnimation	13	missing	0x1008f7b0	CBaseAnimating::LookupSequence
L0 entity	L1 animation	0x10194160	CPropDestructable::InputPlayAnimation	13	missing	0x10260a50	Global::FUN_10260a50
L0 entity	L1 animation	0x1014f210	Global::FUN_1014f210	8	ported	0x1008bb70	CBaseAnimating::StartIgnoringCollision
L0 entity	L1 animation	0x10213fe0	CPropHaunted::ShouldIgnoreCollision	4	named-in-port	0x1008bfe0	CBaseAnimating::ShouldIgnoreCollision
L0 entity	L1 animation	0x10214780	Global::FUN_10214780	4	unnamed:open caller	0x1008f7b0	CBaseAnimating::LookupSequence
L0 entity	L1 animation	0x10214780	Global::FUN_10214780	4	unnamed:open caller	0x10260a50	Global::FUN_10260a50
L0 entity	L1 animation	0x102148f0	Global::FUN_102148f0	4	unnamed:open caller	0x1008f7b0	CBaseAnimating::LookupSequence
L0 entity	L1 animation	0x102148f0	Global::FUN_102148f0	4	unnamed:open caller	0x10260a50	Global::FUN_10260a50
L0 entity	L1 animation	0x10214a20	Global::FUN_10214a20	4	unnamed:open caller	0x1008f7b0	CBaseAnimating::LookupSequence
L0 entity	L1 animation	0x10214a20	Global::FUN_10214a20	4	unnamed:open caller	0x10260a50	Global::FUN_10260a50
L0 entity	L1 animation	0x10225f60	CPropPadlock::vfunc274	4	unnamed:no caller	0x10090950	Global::FUN_10090950
L0 entity	L1 animation	0x10027de0	CPhysThruster::vfunc241	2	unnamed:no caller	0x101d1530	Global::FUN_101d1530
L0 entity	L1 animation	0x10157da0	Global::FUN_10157da0	1	ported	0x10155460	Global::FUN_10155460
L0 entity	L1 animation	0x10157da0	Global::FUN_10157da0	1	ported	0x10155380	Global::FUN_10155380
L0 entity	L1 animation	0x10157da0	Global::FUN_10157da0	1	ported	0x10092b50	CBaseAnimating::SetupBones
L0 entity	L1 animation	0x10381cd0	Global::FUN_10381cd0	1	ported	0x102c4380	Global::FUN_102c4380
L0 entity	L2 character	0x10032720	Global::FUN_10032720	108	settled:not_carried	0x100a1250	CBaseEntity::TakeDamage
L0 entity	L2 character	0x1006f080	Global::FUN_1006f080	108	ported	0x10331da0	CBaseCombatCharacter::CalcLookData
L0 entity	L2 character	0x10071e00	Global::FUN_10071e00	108	ported	0x10071cd0	Global::FUN_10071cd0
L0 entity	L2 character	0x1009d460	CBaseEntity::PrecacheSoundTable	108	stub	0x10336920	CBaseCombatCharacter::IsMale
L0 entity	L2 character	0x1009d820	CBaseEntity::IsMonster	108	stub	0x101d5f10	Global::FUN_101d5f10
L0 entity	L2 character	0x1009e430	CAISound::FUN_1009e430	108	stub	0x10431f30	Global::FUN_10431f30
L0 entity	L2 character	0x1009f120	CBaseEntity::SetClassname	108	stub	0x1042bff0	Global::FUN_1042bff0
L0 entity	L2 character	0x100a1580	CBaseEntity::VPhysicsTakeDamage	108	stub	0x101faa70	CVDmg_t::GetDmg
L0 entity	L2 character	0x100a6c50	CBaseEntity::DecalTrace	108	stub	0x1033c900	CBaseCombatCharacter::HasMiscFlag
L0 entity	L2 character	0x100a6c50	CBaseEntity::DecalTrace	108	stub	0x102517b0	Global::FUN_102517b0
L0 entity	L2 character	0x100a6c50	CBaseEntity::DecalTrace	108	stub	0x103300c0	Global::FUN_103300c0
L0 entity	L2 character	0x100a6c50	CBaseEntity::DecalTrace	108	stub	0x10330220	Global::FUN_10330220
L0 entity	L2 character	0x100cddf0	Global::FUN_100cddf0	108	settled:carried	0x10204270	Global::FUN_10204270
L0 entity	L2 character	0x100cddf0	Global::FUN_100cddf0	108	settled:carried	0x100ce210	Global::FUN_100ce210
L0 entity	L2 character	0x100cebb0	Global::FUN_100cebb0	108	settled:partial	0x10230ed0	Global::FUN_10230ed0
L0 entity	L2 character	0x100cebb0	Global::FUN_100cebb0	108	settled:partial	0x10230f90	Global::FUN_10230f90
L0 entity	L2 character	0x100cebb0	Global::FUN_100cebb0	108	settled:partial	0x10230910	Global::FUN_10230910
L0 entity	L2 character	0x100d1d50	Global::FUN_100d1d50	108	settled:engine_replaced	0x101d5e80	Global::FUN_101d5e80
L0 entity	L2 character	0x1011c520	CServerGameClients::vfunc6	108	settled:engine_replaced	0x1042bff0	Global::FUN_1042bff0
L0 entity	L2 character	0x10141350	CMultiplayRules::vfunc19	108	settled:partial	0x1032db60	CBaseCombatCharacter::Weapon_CanSwitchTo
L0 entity	L2 character	0x10141350	CMultiplayRules::vfunc19	108	settled:partial	0x1032e7b0	CBaseCombatCharacter::GetActiveWeapon
L0 entity	L2 character	0x10141350	CMultiplayRules::vfunc19	108	settled:partial	0x10335a70	CBaseCombatCharacter::Inventory_Can_Wield
L0 entity	L2 character	0x101413e0	CMultiplayRules::vfunc20	108	ported	0x1032e8b0	CBaseCombatCharacter::GetWeapon
L0 entity	L2 character	0x101413e0	CMultiplayRules::vfunc20	108	ported	0x1032db60	CBaseCombatCharacter::Weapon_CanSwitchTo
L0 entity	L2 character	0x101413e0	CMultiplayRules::vfunc20	108	ported	0x10335a70	CBaseCombatCharacter::Inventory_Can_Wield
L0 entity	L2 character	0x10141c80	CMultiplayRules::vfunc45	108	settled:engine_replaced	0x1032e7b0	CBaseCombatCharacter::GetActiveWeapon
L0 entity	L2 character	0x10142160	CMultiplayRules::vfunc47	108	settled:partial	0x1032e8b0	CBaseCombatCharacter::GetWeapon
L0 entity	L2 character	0x10167fd0	Global::FUN_10167fd0	108	ported	0x1032e7b0	CBaseCombatCharacter::GetActiveWeapon
L0 entity	L2 character	0x1017a2b0	Global::FUN_1017a2b0	108	settled:partial	0x101ed130	Global::FUN_101ed130
L0 entity	L2 character	0x101816c0	Global::FUN_101816c0	108	settled:partial	0x1032e7b0	CBaseCombatCharacter::GetActiveWeapon
L0 entity	L2 character	0x1018b7e0	Global::FUN_1018b7e0	108	settled:engine_replaced	0x1032e7b0	CBaseCombatCharacter::GetActiveWeapon
L0 entity	L2 character	0x1018b7e0	Global::FUN_1018b7e0	108	settled:engine_replaced	0x1033b7c0	CBaseCombatCharacter::InPrayer
L0 entity	L2 character	0x101a5a80	Global::FUN_101a5a80	108	settled:partial	0x1042bff0	Global::FUN_1042bff0
L0 entity	L2 character	0x101abbf0	Global::FUN_101abbf0	108	trivial:no caller	0x101291f0	Global::FUN_101291f0
L0 entity	L2 character	0x101cfe10	Global::FUN_101cfe10	108	settled:partial	0x101cfea0	Global::FUN_101cfea0
L0 entity	L2 character	0x101de660	Global::FUN_101de660	108	ported	0x1033c6b0	CBaseCombatCharacter::AddMiscFlag
L0 entity	L2 character	0x101de660	Global::FUN_101de660	108	ported	0x101f9ff0	CVTraitEffectList_t::Effect_ModInfo
L0 entity	L2 character	0x101de660	Global::FUN_101de660	108	ported	0x10106580	CBaseCombatCharacter::SetExpression
L0 entity	L2 character	0x101de660	Global::FUN_101de660	108	ported	0x101fa8d0	CVDmg_t::Set
L0 entity	L2 character	0x101de660	Global::FUN_101de660	108	ported	0x101dd090	Global::FUN_101dd090
L0 entity	L2 character	0x101de660	Global::FUN_101de660	108	ported	0x10200be0	CVStatList_t::Set
L0 entity	L2 character	0x101de660	Global::FUN_101de660	108	ported	0x101fa680	CVDmg_t::~CVDmg_t
L0 entity	L2 character	0x101de660	Global::FUN_101de660	108	ported	0x10338df0	CBaseCombatCharacter::DecBloodPool
L0 entity	L2 character	0x101de660	Global::FUN_101de660	108	ported	0x101de2f0	Global::FUN_101de2f0
L0 entity	L2 character	0x101de660	Global::FUN_101de660	108	ported	0x101fa5b0	CVDmg_t::CVDmg_t
L0 entity	L2 character	0x101de660	Global::FUN_101de660	108	ported	0x101e12a0	Global::FUN_101e12a0
L0 entity	L2 character	0x101de660	Global::FUN_101de660	108	ported	0x102012d0	Global::GetValue
L0 entity	L2 character	0x101de660	Global::FUN_101de660	108	ported	0x101e1720	Global::FUN_101e1720
L0 entity	L2 character	0x101de660	Global::FUN_101de660	108	ported	0x10200610	CVStatList_t::CVStatList_t
L0 entity	L2 character	0x101de660	Global::FUN_101de660	108	ported	0x10337ca0	CBaseCombatCharacter::MemberSync
L0 entity	L2 character	0x101de660	Global::FUN_101de660	108	ported	0x101fa960	CVDmg_t::SetSrc
L0 entity	L2 character	0x101de660	Global::FUN_101de660	108	ported	0x103392c0	CBaseCombatCharacter::Die
L0 entity	L2 character	0x101de660	Global::FUN_101de660	108	ported	0x10344f80	Global::FUN_10344f80
L0 entity	L2 character	0x101dfb80	Global::FUN_101dfb80	108	settled:partial	0x101dd090	Global::FUN_101dd090
L0 entity	L2 character	0x101f3b00	Global::FUN_101f3b00	108	settled:not_carried	0x101f4530	Global::FUN_101f4530
L0 entity	L2 character	0x101f42a0	Global::FUN_101f42a0	108	ported	0x101f39d0	Global::FUN_101f39d0
L0 entity	L2 character	0x101f4600	Global::FUN_101f4600	108	ported	0x10336920	CBaseCombatCharacter::IsMale
L0 entity	L2 character	0x101f55a0	Global::FUN_101f55a0	108	ported	0x102517b0	Global::FUN_102517b0
L0 entity	L2 character	0x101f55a0	Global::FUN_101f55a0	108	ported	0x101d5f10	Global::FUN_101d5f10
L0 entity	L2 character	0x101f9a40	Global::FUN_101f9a40	108	trivial:no caller	0x101f9830	Global::FUN_101f9830
L0 entity	L2 character	0x10206aa0	Global::FUN_10206aa0	108	ported	0x1032e7b0	CBaseCombatCharacter::GetActiveWeapon
L0 entity	L2 character	0x10206aa0	Global::FUN_10206aa0	108	ported	0x10337980	CBaseCombatCharacter::SetVHistory
L0 entity	L2 character	0x10206aa0	Global::FUN_10206aa0	108	ported	0x10341510	CBaseCombatCharacter::GetActiveArmor
L0 entity	L2 character	0x10206aa0	Global::FUN_10206aa0	108	ported	0x101ecb10	Global::FUN_101ecb10
L0 entity	L2 character	0x10206aa0	Global::FUN_10206aa0	108	ported	0x10337860	CBaseCombatCharacter::GetCharTemplate
L0 entity	L2 character	0x10206aa0	Global::FUN_10206aa0	108	ported	0x101ecae0	Global::FUN_101ecae0
L0 entity	L2 character	0x10206aa0	Global::FUN_10206aa0	108	ported	0x1015f9e0	Global::FUN_1015f9e0
L0 entity	L2 character	0x10206da0	Global::FUN_10206da0	108	settled:partial	0x101d5e80	Global::FUN_101d5e80
L0 entity	L2 character	0x10206da0	Global::FUN_10206da0	108	settled:partial	0x1032e7b0	CBaseCombatCharacter::GetActiveWeapon
L0 entity	L2 character	0x10206da0	Global::FUN_10206da0	108	settled:partial	0x10200610	CVStatList_t::CVStatList_t
L0 entity	L2 character	0x10206da0	Global::FUN_10206da0	108	settled:partial	0x10200ca0	CVStatList_t::GetBase
L0 entity	L2 character	0x10206da0	Global::FUN_10206da0	108	settled:partial	0x10182dd0	Global::FUN_10182dd0
L0 entity	L2 character	0x10206da0	Global::FUN_10206da0	108	settled:partial	0x10336920	CBaseCombatCharacter::IsMale
L0 entity	L2 character	0x10206da0	Global::FUN_10206da0	108	settled:partial	0x101f9a00	Global::FUN_101f9a00
L0 entity	L2 character	0x10206da0	Global::FUN_10206da0	108	settled:partial	0x10183880	Global::FUN_10183880
L0 entity	L2 character	0x10206da0	Global::FUN_10206da0	108	settled:partial	0x102008e0	CVStatList_t::SetBase
L0 entity	L2 character	0x10206da0	Global::FUN_10206da0	108	settled:partial	0x102012d0	Global::GetValue
L0 entity	L2 character	0x10206da0	Global::FUN_10206da0	108	settled:partial	0x1017b330	Global::FUN_1017b330
L0 entity	L2 character	0x10207680	Global::FUN_10207680	108	settled:partial	0x101d5e80	Global::FUN_101d5e80
L0 entity	L2 character	0x10207680	Global::FUN_10207680	108	settled:partial	0x10200ca0	CVStatList_t::GetBase
L0 entity	L2 character	0x10207680	Global::FUN_10207680	108	settled:partial	0x10336920	CBaseCombatCharacter::IsMale
L0 entity	L2 character	0x10207680	Global::FUN_10207680	108	settled:partial	0x10200610	CVStatList_t::CVStatList_t
L0 entity	L2 character	0x10207680	Global::FUN_10207680	108	settled:partial	0x10183880	Global::FUN_10183880
L0 entity	L2 character	0x10207680	Global::FUN_10207680	108	settled:partial	0x102008e0	CVStatList_t::SetBase
L0 entity	L2 character	0x10228220	Global::FUN_10228220	108	settled:engine_replaced	0x1042bff0	Global::FUN_1042bff0
L0 entity	L2 character	0x10230320	Global::FUN_10230320	108	settled:partial	0x101fb180	CVDmg_t::SetDmgApplyCallback
L0 entity	L2 character	0x10230320	Global::FUN_10230320	108	settled:partial	0x10203990	Global::FUN_10203990
L0 entity	L2 character	0x1023c020	CWorld::Precache	108	engine-replaced	0x1033f750	CBaseCombatCharacter::PrecacheOnce
L0 entity	L2 character	0x1023e250	CWorldEvents::InputHideCutsceneInterferingEntities	108	named-in-port	0x100826b0	Global::FUN_100826b0
L0 entity	L2 character	0x10241100	Global::FUN_10241100	108	settled:engine_replaced	0x1011e010	Global::FUN_1011e010
L0 entity	L2 character	0x102d31c0	Global::FUN_102d31c0	108	settled:engine_replaced	0x102d0b20	Global::FUN_102d0b20
L0 entity	L2 character	0x102f6690	Global::FUN_102f6690	108	ported	0x1042bff0	Global::FUN_1042bff0
L0 entity	L2 character	0x1030d850	Global::FUN_1030d850	108	ported	0x1042bff0	Global::FUN_1042bff0
L0 entity	L2 character	0x103268e0	Global::FUN_103268e0	108	ported	0x103261f0	CBaseCombatCharacter::FinViewCone2d
L0 entity	L2 character	0x103268e0	Global::FUN_103268e0	108	ported	0x103264d0	CBaseCombatCharacter::FinViewCone3dNew
L0 entity	L2 character	0x1034fee0	Global::FUN_1034fee0	108	settled:carried	0x101f2e20	Global::FUN_101f2e20
L0 entity	L2 character	0x10352d70	Global::FUN_10352d70	108	settled:engine_replaced	0x1042bff0	Global::FUN_1042bff0
L0 entity	L2 character	0x1040f550	Global::FUN_1040f550	108	settled:not_carried	0x102521f0	Global::FUN_102521f0
L0 entity	L2 character	0x104115f0	Global::FUN_104115f0	108	trivial:no caller	0x10335950	CBaseCombatCharacter::Inventory_Find
L0 entity	L2 character	0x104116d0	Global::FUN_104116d0	108	settled:not_carried	0x102521f0	Global::FUN_102521f0
L0 entity	L2 character	0x104116d0	Global::FUN_104116d0	108	settled:not_carried	0x10411160	Global::FUN_10411160
L0 entity	L2 character	0x1018f400	CBreakableProp::OnTakeDamage	107	missing	0x100a0e40	CBaseEntity::OnTakeDamage
L0 entity	L2 character	0x10191ac0	Global::FUN_10191ac0	107	settled:engine_replaced	0x1042bff0	Global::FUN_1042bff0
L0 entity	L2 character	0x101925e0	Global::FUN_101925e0	107	settled:partial	0x1042bff0	Global::FUN_1042bff0
L0 entity	L2 character	0x101925e0	Global::FUN_101925e0	107	settled:partial	0x1018f690	Global::FUN_1018f690
L0 entity	L2 character	0x1020a0a0	Global::FUN_1020a0a0	107	settled:engine_replaced	0x1042bff0	Global::FUN_1042bff0
L0 entity	L2 character	0x101905e0	CDynamicProp::Spawn	106	ported	0x1018f280	CBaseTerminal::FUN_1018f280
L0 entity	L2 character	0x102e4160	Global::FUN_102e4160	104	ported	0x102e3450	Global::FUN_102e3450
L0 entity	L2 character	0x100f14a0	CBaseDoor::Blocked	103	missing	0x100a1250	CBaseEntity::TakeDamage
L0 entity	L2 character	0x1028e060	Global::FUN_1028e060	103	trivial:no caller	0x1032e7b0	CBaseCombatCharacter::GetActiveWeapon
L0 entity	L2 character	0x100fb110	CEnvParticle::AttachToEntity	99	missing	0x1042bff0	Global::FUN_1042bff0
L0 entity	L2 character	0x100fb7f0	CEnvParticle::ScriptHide	99	named-in-port	0x100fb7d0	CDisciplineParticle::FUN_100fb7d0
L0 entity	L2 character	0x100fb820	CEnvParticle::ScriptUnhide	99	named-in-port	0x100fb7a0	CDisciplineParticle::FUN_100fb7a0
L0 entity	L2 character	0x100ce040	Global::FUN_100ce040	95	settled:carried	0x100cdf10	Global::FUN_100cdf10
L0 entity	L2 character	0x100fa690	CEnvParticle::InputTurnOn	79	named-in-port	0x100fb7a0	CDisciplineParticle::FUN_100fb7a0
L0 entity	L2 character	0x100fa6b0	CEnvParticle::InputTurnOff	79	named-in-port	0x100fb7d0	CDisciplineParticle::FUN_100fb7d0
L0 entity	L2 character	0x1040d970	Global::FUN_1040d970	78	trivial:no caller	0x10335950	CBaseCombatCharacter::Inventory_Find
L0 entity	L2 character	0x1040d9a0	Global::FUN_1040d9a0	78	trivial:no caller	0x10335950	CBaseCombatCharacter::Inventory_Find
L0 entity	L2 character	0x104106a0	Global::FUN_104106a0	78	settled:not_carried	0x100a8340	Global::FUN_100a8340
L0 entity	L2 character	0x104106a0	Global::FUN_104106a0	78	settled:not_carried	0x102521f0	Global::FUN_102521f0
L0 entity	L2 character	0x10178470	Global::FUN_10178470	77	settled:partial	0x10335950	CBaseCombatCharacter::Inventory_Find
L0 entity	L2 character	0x10224ae0	Global::FUN_10224ae0	77	ported	0x10335950	CBaseCombatCharacter::Inventory_Find
L0 entity	L2 character	0x102259e0	CPropDoorknob::Spawn	77	missing	0x1020ab90	CBaseVampireSkillEntity::Spawn
L0 entity	L2 character	0x10225930	CPropDoorknob::vfunc117	73	trivial:no caller	0x10224130	CItemContainerLock::vfunc117
L0 entity	L2 character	0x10191450	CPhysicsProp::Spawn	72	missing	0x1018f280	CBaseTerminal::FUN_1018f280
L0 entity	L2 character	0x1019f570	CRopeKeyframe::Precache	62	engine-replaced	0x1042bff0	Global::FUN_1042bff0
L0 entity	L2 character	0x1019f640	Global::FUN_1019f640	62	settled:engine_replaced	0x1042bff0	Global::FUN_1042bff0
L0 entity	L2 character	0x102573a0	Global::FUN_102573a0	61	settled:not_carried	0x102517b0	Global::FUN_102517b0
L0 entity	L2 character	0x102573a0	Global::FUN_102573a0	61	settled:not_carried	0x10337860	CBaseCombatCharacter::GetCharTemplate
L0 entity	L2 character	0x102573a0	Global::FUN_102573a0	61	settled:not_carried	0x1006cff0	Global::FUN_1006cff0
L0 entity	L2 character	0x102573a0	Global::FUN_102573a0	61	settled:not_carried	0x101e56e0	Global::FUN_101e56e0
L0 entity	L2 character	0x100c0cd0	CFuncRotating::Blocked	51	missing	0x100a1250	CBaseEntity::TakeDamage
L0 entity	L2 character	0x102c0520	Global::FUN_102c0520	36	ported	0x1042bff0	Global::FUN_1042bff0
L0 entity	L2 character	0x102c0520	Global::FUN_102c0520	36	ported	0x101063a0	CBaseCombatCharacter::FadeoutExpressions
L0 entity	L2 character	0x1018dc00	CPointTeleport::InputTeleport	35	ported	0x1017c6d0	Global::FUN_1017c6d0
L0 entity	L2 character	0x1018dc00	CPointTeleport::InputTeleport	35	ported	0x10329a70	CBaseCombatCharacter::LeaveGrappleState
L0 entity	L2 character	0x1018dc00	CPointTeleport::InputTeleport	35	ported	0x10178590	Global::FUN_10178590
L0 entity	L2 character	0x10219400	Global::FUN_10219400	35	ported	0x10203240	Global::FUN_10203240
L0 entity	L2 character	0x10219400	Global::FUN_10219400	35	ported	0x10202a10	Global::FUN_10202a10
L0 entity	L2 character	0x10217b30	Global::BeginInput	34	ported	0x101e56e0	Global::FUN_101e56e0
L0 entity	L2 character	0x1021a5b0	CPropHacking::vfunc39	34	ported	0x102181a0	CBaseTerminal::vfunc39
L0 entity	L2 character	0x1021a5b0	CPropHacking::vfunc39	34	ported	0x101e56e0	Global::FUN_101e56e0
L0 entity	L2 character	0x1021a6c0	CPropHacking::vfunc42	34	ported	0x10218220	CBaseTerminal::vfunc42
L0 entity	L2 character	0x1021ca90	CPropHacking::vfunc272	34	ported	0x1020ac50	CBaseTerminal::FUN_1020ac50
L0 entity	L2 character	0x1021cae0	CPropHacking::vfunc268	34	ported	0x1020b1c0	CBaseTerminal::FUN_1020b1c0
L0 entity	L2 character	0x1010d590	CBreakable::FUN_1010d590	32	unnamed:no caller	0x1042bff0	Global::FUN_1042bff0
L0 entity	L2 character	0x1010dea0	CBreakable::FUN_1010dea0	26	unnamed:no caller	0x100a7de0	CBaseEntity::TraceAttack
L0 entity	L2 character	0x1010e100	CBreakable::OnTakeDamage	26	missing	0x101faa70	CVDmg_t::GetDmg
L0 entity	L2 character	0x1010e100	CBreakable::OnTakeDamage	26	missing	0x100a1a70	CBaseEntity::Event_Killed
L0 entity	L2 character	0x10116570	Global::FUN_10116570	22	unnamed:open caller	0x10116970	Global::FUN_10116970
L0 entity	L2 character	0x10226240	CPropDoorknobElectronic::vfunc117	21	unnamed:no caller	0x10224130	CItemContainerLock::vfunc117
L0 entity	L2 character	0x10191130	Global::FUN_10191130	17	unnamed:open caller	0x10191170	Global::FUN_10191170
L0 entity	L2 character	0x1004ec60	Global::FUN_1004ec60	15	unnamed:open caller	0x100a1250	CBaseEntity::TakeDamage
L0 entity	L2 character	0x10155920	CRagdollProp::OnTakeDamage	14	missing	0x100a0e40	CBaseEntity::OnTakeDamage
L0 entity	L2 character	0x10155a70	CRagdollProp::FUN_10155a70	14	unnamed:no caller	0x100a7de0	CBaseEntity::TraceAttack
L0 entity	L2 character	0x10193a50	CPropDestructable::Spawn	13	missing	0x1018f280	CBaseTerminal::FUN_1018f280
L0 entity	L2 character	0x10193fb0	CPropDestructable::OnTakeDamage	13	missing	0x101faa70	CVDmg_t::GetDmg
L0 entity	L2 character	0x10110da0	CBreakableSurface::vfunc141	12	unnamed:no caller	0x100a7aa0	CBaseEntity::PassesDamageFilter
L0 entity	L2 character	0x10110da0	CBreakableSurface::vfunc141	12	unnamed:no caller	0x101faa70	CVDmg_t::GetDmg
L0 entity	L2 character	0x10110da0	CBreakableSurface::vfunc141	12	unnamed:no caller	0x101fb200	CVDmg_t::Apply
L0 entity	L2 character	0x101174a0	CFuncMoveLinear::Blocked	12	missing	0x100a1250	CBaseEntity::TakeDamage
L0 entity	L2 character	0x1021ddc0	CPropKeypad::vfunc32	6	unnamed:no caller	0x102180c0	CBaseTerminal::FUN_102180c0
L0 entity	L2 character	0x1021ddf0	CPropKeypad::vfunc39	6	unnamed:no caller	0x102181a0	CBaseTerminal::vfunc39
L0 entity	L2 character	0x1021de40	CPropKeypad::vfunc42	6	unnamed:no caller	0x10218220	CBaseTerminal::vfunc42
L0 entity	L2 character	0x102314a0	CTriggerElectricBugaloo::vfunc35	6	unnamed:no caller	0x10336920	CBaseCombatCharacter::IsMale
L0 entity	L2 character	0x10231790	Global::FUN_10231790	6	unnamed:open caller	0x1022dc30	Global::FUN_1022dc30
L0 entity	L2 character	0x100ff310	Global::FUN_100ff310	5	unnamed:open caller	0x100bbef0	Global::FUN_100bbef0
L0 entity	L2 character	0x101928f0	CPropMover::Spawn	5	missing	0x101c1cb0	Global::FUN_101c1cb0
L0 entity	L2 character	0x10108130	CFilterInventory::vfunc241	4	unnamed:no caller	0x10335950	CBaseCombatCharacter::Inventory_Find
L0 entity	L2 character	0x10213ae0	CPropHaunted::Spawn	4	missing	0x1018f280	CBaseTerminal::FUN_1018f280
L0 entity	L2 character	0x10213b70	CPropHaunted::UpdateOnRemove	4	missing	0x100fbaf0	Global::FUN_100fbaf0
L0 entity	L2 character	0x10214010	CPropHaunted::vfunc266	4	unnamed:no caller	0x1018fb90	CBaseTerminal::FUN_1018fb90
L0 entity	L2 character	0x10214780	Global::FUN_10214780	4	unnamed:open caller	0x100fb1f0	Global::FUN_100fb1f0
L0 entity	L2 character	0x10214a20	Global::FUN_10214a20	4	unnamed:open caller	0x100fbaf0	Global::FUN_100fbaf0
L0 entity	L2 character	0x10225d00	CPropPadlock::vfunc117	4	unnamed:no caller	0x10224130	CItemContainerLock::vfunc117
L0 entity	L2 character	0x10225db0	CPropPadlock::Spawn	4	missing	0x1020ab90	CBaseVampireSkillEntity::Spawn
L0 entity	L2 character	0x102260f0	CPropPadlock::vfunc266	4	unnamed:no caller	0x1018fb90	CBaseTerminal::FUN_1018fb90
L0 entity	L2 character	0x10216d60	CTriggerInventory::StartTouch	3	missing	0x10335950	CBaseCombatCharacter::Inventory_Find
L0 entity	L2 character	0x10192e60	CPhysicsPropContested::vfunc39	2	unnamed:no caller	0x10200610	CVStatList_t::CVStatList_t
L0 entity	L2 character	0x10192e60	CPhysicsPropContested::vfunc39	2	unnamed:no caller	0x102012d0	Global::GetValue
L0 entity	L2 character	0x10192f90	CPhysicsPropContested::vfunc41	2	unnamed:no caller	0x10200610	CVStatList_t::CVStatList_t
L0 entity	L2 character	0x10192f90	CPhysicsPropContested::vfunc41	2	unnamed:no caller	0x102012d0	Global::GetValue
L0 entity	L2 character	0x1020fad0	Global::FUN_1020fad0	2	unnamed:open caller	0x10055000	Global::FUN_10055000
L0 entity	L2 character	0x102116c0	Global::FUN_102116c0	2	unnamed:open caller	0x1021fee0	Global::FUN_1021fee0
L0 entity	L2 character	0x103f4de0	CWeaponLockpick::vfunc314	2	unnamed:absorbed?	0x102521f0	Global::FUN_102521f0
L0 entity	L2 character	0x103f4e70	CWeaponLockpick::ItemPostFrame	2	named-in-port	0x10335950	CBaseCombatCharacter::Inventory_Find
L0 entity	L2 character	0x103f4e70	CWeaponLockpick::ItemPostFrame	2	named-in-port	0x10253ea0	CBaseCombatWeapon::ItemPostFrame
L0 entity	L2 character	0x103f4e70	CWeaponLockpick::ItemPostFrame	2	named-in-port	0x102521f0	Global::FUN_102521f0
L0 entity	L2 character	0x103f4f40	CWeaponLockpick::vfunc292	2	unnamed:no caller	0x102526f0	CBaseCombatWeapon::FUN_102526f0
L0 entity	L2 character	0x103f4f40	CWeaponLockpick::vfunc292	2	unnamed:no caller	0x10254410	CBaseCombatWeapon::FUN_10254410
L0 entity	L2 character	0x103f4f40	CWeaponLockpick::vfunc292	2	unnamed:no caller	0x10254450	CBaseCombatWeapon::FUN_10254450
L0 entity	L2 character	0x103f4f40	CWeaponLockpick::vfunc292	2	unnamed:no caller	0x102521f0	Global::FUN_102521f0
L0 entity	L2 character	0x103f5070	CWeaponLockpick::vfunc285	2	unnamed:no caller	0x10252290	Global::FUN_10252290
L0 entity	L2 character	0x103f5070	CWeaponLockpick::vfunc285	2	unnamed:no caller	0x10341c30	CBaseCombatCharacter::FindEntityFOV
L0 entity	L2 character	0x103f6800	Global::FUN_103f6800	2	unnamed:open caller	0x10252470	Global::FUN_10252470
L0 entity	L2 character	0x10409af0	CWeaponLockpick::vfunc5	2	unnamed:no caller	0x10250c50	Global::FUN_10250c50
L0 entity	L2 character	0x10108360	CFilterFeat::vfunc241	1	unnamed:no caller	0x101e56e0	Global::FUN_101e56e0
L0 entity	L2 character	0x10193390	CPropSlashable::OnTakeDamage	1	missing	0x1032e7b0	CBaseCombatCharacter::GetActiveWeapon
L0 entity	L2 character	0x10193390	CPropSlashable::OnTakeDamage	1	missing	0x101faa70	CVDmg_t::GetDmg
L0 entity	L2 character	0x103da730	CTriggerWWZone::InitLocationMarkers	1	missing	0x10055ec0	Global::FUN_10055ec0
L0 entity	L3 player	0x100d3e90	Global::FUN_100d3e90	108	settled:partial	0x101ce290	Global::FUN_101ce290
L0 entity	L3 player	0x100f7460	Global::FUN_100f7460	108	ported	0x101618a0	Global::FUN_101618a0
L0 entity	L3 player	0x10119980	Global::FUN_10119980	108	settled:engine_replaced	0x10119940	Global::FUN_10119940
L0 entity	L3 player	0x1011c730	CServerGameClients::vfunc7	108	settled:engine_replaced	0x1006e890	Global::FUN_1006e890
L0 entity	L3 player	0x1011c730	CServerGameClients::vfunc7	108	settled:engine_replaced	0x1017cf90	Global::GetActiveCameraEntity
L0 entity	L3 player	0x1011c8c0	CServerGameClients::vfunc8	108	settled:engine_replaced	0x1013ecd0	Global::FUN_1013ecd0
L0 entity	L3 player	0x101252e0	CBaseEntity::SetWaterLevel	108	named-in-port	0x1011e310	Global::GetPlayerMins
L0 entity	L3 player	0x101252e0	CBaseEntity::SetWaterLevel	108	named-in-port	0x1011e350	Global::GetPlayerMaxs
L0 entity	L3 player	0x101419d0	CMultiplayRules::vfunc35	108	settled:not_carried	0x103343f0	Global::FUN_103343f0
L0 entity	L3 player	0x101672d0	Global::FUN_101672d0	108	seam	0x10180100	Global::FUN_10180100
L0 entity	L3 player	0x10170750	Global::FUN_10170750	108	settled:partial	0x10147a60	Global::DisciplineGlobalTeardown
L0 entity	L3 player	0x10170750	Global::FUN_10170750	108	settled:partial	0x10147a30	Global::FUN_10147a30
L0 entity	L3 player	0x101707c0	Global::FUN_101707c0	108	settled:partial	0x1016fa90	Global::FUN_1016fa90
L0 entity	L3 player	0x101707c0	Global::FUN_101707c0	108	settled:partial	0x1016fed0	Global::FUN_1016fed0
L0 entity	L3 player	0x10172710	Global::FUN_10172710	108	seam	0x10172410	Global::FUN_10172410
L0 entity	L3 player	0x1017cef0	Global::SetCineCamera	108	ported	0x1017cf90	Global::GetActiveCameraEntity
L0 entity	L3 player	0x1018b7e0	Global::FUN_1018b7e0	108	settled:engine_replaced	0x101618a0	Global::FUN_101618a0
L0 entity	L3 player	0x101bac90	CSoundEnt::InsertSound	108	ported	0x101b9a50	Global::FUN_101b9a50
L0 entity	L3 player	0x101bac90	CSoundEnt::InsertSound	108	ported	0x10227a30	Global::FUN_10227a30
L0 entity	L3 player	0x10206da0	Global::FUN_10206da0	108	settled:partial	0x10182e00	Global::FUN_10182e00
L0 entity	L3 player	0x1023ca30	Global::FUN_1023ca30	108	ported	0x101ce290	Global::FUN_101ce290
L0 entity	L3 player	0x1023e270	CWorldEvents::InputUnhideCutsceneInterferingEntities	108	named-in-port	0x100828d0	CPlayerEventsManager::LevelShutdownPreEntity
L0 entity	L3 player	0x100a5d80	Global::FUN_100a5d80	107	settled:partial	0x1002dfe0	Global::FUN_1002dfe0
L0 entity	L3 player	0x1017d680	Global::FUN_1017d680	104	ported	0x1017d900	Global::FUN_1017d900
L0 entity	L3 player	0x10278220	Global::FUN_10278220	104	ported	0x101ccd70	Global::FUN_101ccd70
L0 entity	L3 player	0x102c0520	Global::FUN_102c0520	36	ported	0x10178120	Global::FUN_10178120
L0 entity	L3 player	0x1021a2f0	CPropHacking::LoadGlobalEmailState	34	ported	0x1016eec0	CBasePlayer::RetrieveGlobalEmailFlags
L0 entity	L3 player	0x1021a3d0	CPropHacking::SaveGlobalEmailState	34	ported	0x1016f0f0	CBasePlayer::StoreGlobalEmailFlags
L0 entity	L5 script	0x1006e130	Global::FUN_1006e130	108	ported	0x1006e0e0	Global::FUN_1006e0e0
L0 entity	L4 NPC	0x1006e8e0	Global::FUN_1006e8e0	108	ported	0x1006edb0	Global::FUN_1006edb0
L0 entity	L4 NPC	0x1006ee10	Global::FUN_1006ee10	108	ported	0x10072b10	Global::FUN_10072b10
L0 entity	L4 NPC	0x1006eeb0	Global::FUN_1006eeb0	108	settled:carried	0x10072b10	Global::FUN_10072b10
L0 entity	L4 NPC	0x1006f670	Global::FUN_1006f670	108	ported	0x1006edb0	Global::FUN_1006edb0
L0 entity	L4 NPC	0x10072a50	Global::FUN_10072a50	108	settled:carried	0x10072b10	Global::FUN_10072b10
L0 entity	L5 script	0x10082520	Global::FUN_10082520	108	ported	0x100823c0	Global::FUN_100823c0
L0 entity	L5 script	0x10082520	Global::FUN_10082520	108	ported	0x1007a2a0	Global::FUN_1007a2a0
L0 entity	L4 NPC	0x100a6c50	CBaseEntity::DecalTrace	108	stub	0x100b4790	Global::FUN_100b4790
L0 entity	L4 NPC	0x100b4340	CAISound::FUN_100b4340	108	trivial:no caller	0x100b4320	CAI_BaseNPC::FUN_100b4320
L0 entity	L4 NPC	0x100b4360	CBaseFilter::FUN_100b4360	108	trivial:no caller	0x100b4320	CAI_BaseNPC::FUN_100b4320
L0 entity	L4 NPC	0x100cd300	Global::FUN_100cd300	108	settled:carried	0x100cd640	Global::FUN_100cd640
L0 entity	L4 NPC	0x100cebb0	Global::FUN_100cebb0	108	settled:partial	0x100d1590	Global::FUN_100d1590
L0 entity	L4 NPC	0x100cebb0	Global::FUN_100cebb0	108	settled:partial	0x100d15d0	Global::FUN_100d15d0
L0 entity	L4 NPC	0x100cebb0	Global::FUN_100cebb0	108	settled:partial	0x100cd640	Global::FUN_100cd640
L0 entity	L4 NPC	0x10119980	Global::FUN_10119980	108	settled:engine_replaced	0x102fb0d0	CAI_Node::GetPosition
L0 entity	L4 NPC	0x10130460	CLight::Spawn	108	missing	0x101cd970	Global::FUN_101cd970
L0 entity	L4 NPC	0x10130c10	CLogicAuto::vfunc117	108	trivial:no caller	0x100b4320	CAI_BaseNPC::FUN_100b4320
L0 entity	L4 NPC	0x10136600	Global::FUN_10136600	108	settled:carried	0x101cd970	Global::FUN_101cd970
L0 entity	L4 NPC	0x10145300	Global::FUN_10145300	108	settled:engine_replaced	0x10143710	Global::FUN_10143710
L0 entity	L4 NPC	0x10145980	Global::FUN_10145980	108	settled:engine_replaced	0x10146190	Global::FUN_10146190
L0 entity	L4 NPC	0x10145980	Global::FUN_10145980	108	settled:engine_replaced	0x1011e060	Global::FUN_1011e060
L0 entity	L4 NPC	0x10145980	Global::FUN_10145980	108	settled:engine_replaced	0x10146150	Global::FUN_10146150
L0 entity	L4 NPC	0x10145980	Global::FUN_10145980	108	settled:engine_replaced	0x100f2f90	Global::FUN_100f2f90
L0 entity	L4 NPC	0x101671a0	Global::FUN_101671a0	108	ported	0x10146a80	Global::FUN_10146a80
L0 entity	L4 NPC	0x1017f170	Global::FUN_1017f170	108	settled:partial	0x1017f8d0	Global::FUN_1017f8d0
L0 entity	L4 NPC	0x1017faa0	Global::FUN_1017faa0	108	settled:engine_replaced	0x1017f8d0	Global::FUN_1017f8d0
L0 entity	L4 NPC	0x101af9f0	Global::FUN_101af9f0	108	settled:partial	0x102489a0	Global::FUN_102489a0
L0 entity	L4 NPC	0x101afdc0	Global::FUN_101afdc0	108	settled:partial	0x10248c60	Global::FUN_10248c60
L0 entity	L4 NPC	0x101c4b50	CBaseTrigger::FUN_101c4b50	108	trivial:no caller	0x100b4320	CAI_BaseNPC::FUN_100b4320
L0 entity	L4 NPC	0x101cd110	Global::FUN_101cd110	108	settled:partial	0x101ccf50	Global::FUN_101ccf50
L0 entity	L5 script	0x101d0630	Global::FUN_101d0630	108	settled:not_carried	0x101d0570	Global::FUN_101d0570
L0 entity	L4 NPC	0x101de660	Global::FUN_101de660	108	ported	0x10099250	Global::FUN_10099250
L0 entity	L4 NPC	0x101de660	Global::FUN_101de660	108	ported	0x1018e910	Global::FUN_1018e910
L0 entity	L4 NPC	0x101de660	Global::FUN_101de660	108	ported	0x101ddcd0	Global::FUN_101ddcd0
L0 entity	L4 NPC	0x101de660	Global::FUN_101de660	108	ported	0x101dd3a0	Global::FUN_101dd3a0
L0 entity	L4 NPC	0x101de660	Global::FUN_101de660	108	ported	0x101e11c0	Global::FUN_101e11c0
L0 entity	L4 NPC	0x101de660	Global::FUN_101de660	108	ported	0x102ae750	Global::FUN_102ae750
L0 entity	L4 NPC	0x101de660	Global::FUN_101de660	108	ported	0x1029f370	Global::FUN_1029f370
L0 entity	L4 NPC	0x101def10	Global::FUN_101def10	108	ported	0x10273e80	Global::TaskComplete
L0 entity	L4 NPC	0x101def10	Global::FUN_101def10	108	ported	0x1028a150	Global::FUN_1028a150
L0 entity	L4 NPC	0x101def10	Global::FUN_101def10	108	ported	0x101dd3a0	Global::FUN_101dd3a0
L0 entity	L4 NPC	0x10228220	Global::FUN_10228220	108	settled:engine_replaced	0x102489a0	Global::FUN_102489a0
L0 entity	L4 NPC	0x1023bd20	Global::FUN_1023bd20	108	settled:engine_replaced	0x101d0f10	Global::FUN_101d0f10
L0 entity	L4 NPC	0x102480f0	Global::FUN_102480f0	108	settled:partial	0x102482f0	Global::FUN_102482f0
L0 entity	L5 script	0x1024b5e0	Global::FUN_1024b5e0	108	ported	0x1024b400	Global::FUN_1024b400
L0 entity	L4 NPC	0x10273760	Global::FUN_10273760	108	ported	0x10273790	Global::InputSetRelationship
L0 entity	L4 NPC	0x1027ee90	Global::FUN_1027ee90	108	settled:engine_replaced	0x1027ef20	Global::FUN_1027ef20
L0 entity	L4 NPC	0x102b52a0	Global::FUN_102b52a0	108	ported	0x10279a50	Global::SetEnemy
L0 entity	L4 NPC	0x102b52a0	Global::FUN_102b52a0	108	ported	0x10279b70	Global::FUN_10279b70
L0 entity	L4 NPC	0x102c9c30	Global::FUN_102c9c30	108	settled:engine_replaced	0x102ea020	Global::FUN_102ea020
L0 entity	L4 NPC	0x102cac90	Global::FUN_102cac90	108	settled:engine_replaced	0x102c9e10	Global::FUN_102c9e10
L0 entity	L4 NPC	0x102d31c0	Global::FUN_102d31c0	108	settled:engine_replaced	0x102fb0d0	CAI_Node::GetPosition
L0 entity	L4 NPC	0x102d31c0	Global::FUN_102d31c0	108	settled:engine_replaced	0x10143710	Global::FUN_10143710
L0 entity	L4 NPC	0x102d31c0	Global::FUN_102d31c0	108	settled:engine_replaced	0x102d14c0	Global::FUN_102d14c0
L0 entity	L4 NPC	0x102d31c0	Global::FUN_102d31c0	108	settled:engine_replaced	0x102d12e0	Global::FUN_102d12e0
L0 entity	L4 NPC	0x102db670	Global::FUN_102db670	108	settled:engine_replaced	0x102daf80	Global::FUN_102daf80
L0 entity	L4 NPC	0x102dfc10	Global::FUN_102dfc10	108	ported	0x102df1b0	Global::FUN_102df1b0
L0 entity	L4 NPC	0x102e9f70	Global::FUN_102e9f70	108	trivial:no caller	0x10249940	Global::FUN_10249940
L0 entity	L4 NPC	0x102ea130	Global::FUN_102ea130	108	ported	0x102ea2d0	Global::FUN_102ea2d0
L0 entity	L4 NPC	0x102f39a0	Global::FUN_102f39a0	108	ported	0x10143d80	Global::FUN_10143d80
L0 entity	L5 script	0x102f5bd0	Global::FUN_102f5bd0	108	ported	0x1006bd20	Global::FUN_1006bd20
L0 entity	L4 NPC	0x102f5bd0	Global::FUN_102f5bd0	108	ported	0x102f47f0	Global::FUN_102f47f0
L0 entity	L4 NPC	0x102f5bd0	Global::FUN_102f5bd0	108	ported	0x102f31f0	Global::FUN_102f31f0
L0 entity	L4 NPC	0x102f6d80	Global::FUN_102f6d80	108	settled:partial	0x102fb0d0	CAI_Node::GetPosition
L0 entity	L4 NPC	0x102f72c0	Global::FUN_102f72c0	108	settled:partial	0x102fb0d0	CAI_Node::GetPosition
L0 entity	L4 NPC	0x102f72c0	Global::FUN_102f72c0	108	settled:partial	0x10146150	Global::FUN_10146150
L0 entity	L4 NPC	0x102f7e60	Global::FUN_102f7e60	108	settled:engine_replaced	0x102d6210	Global::FUN_102d6210
L0 entity	L4 NPC	0x102f7e60	Global::FUN_102f7e60	108	settled:engine_replaced	0x10143710	Global::FUN_10143710
L0 entity	L4 NPC	0x102f7e60	Global::FUN_102f7e60	108	settled:engine_replaced	0x102f7ca0	Global::FUN_102f7ca0
L0 entity	L4 NPC	0x102f7e60	Global::FUN_102f7e60	108	settled:engine_replaced	0x102d6120	Global::FUN_102d6120
L0 entity	L4 NPC	0x102f7e60	Global::FUN_102f7e60	108	settled:engine_replaced	0x102fb0d0	CAI_Node::GetPosition
L0 entity	L4 NPC	0x102f7e60	Global::FUN_102f7e60	108	settled:engine_replaced	0x102d6100	Global::FUN_102d6100
L0 entity	L4 NPC	0x102f7e60	Global::FUN_102f7e60	108	settled:engine_replaced	0x102f48b0	Global::FUN_102f48b0
L0 entity	L4 NPC	0x1030d850	Global::FUN_1030d850	108	ported	0x102c8cc0	Global::FUN_102c8cc0
L0 entity	L4 NPC	0x1030d850	Global::FUN_1030d850	108	ported	0x102cadb0	Global::FUN_102cadb0
L0 entity	L4 NPC	0x1030d850	Global::FUN_1030d850	108	ported	0x1025d760	Global::FUN_1025d760
L0 entity	L4 NPC	0x10316fd0	Global::FUN_10316fd0	108	ported	0x102ea050	Global::FUN_102ea050
L0 entity	L4 NPC	0x103706b0	Global::FUN_103706b0	108	settled:partial	0x1017f6e0	Global::FUN_1017f6e0
L0 entity	L4 NPC	0x103706b0	Global::FUN_103706b0	108	settled:partial	0x102ae840	Global::FUN_102ae840
L0 entity	L4 NPC	0x10427a70	Global::FUN_10427a70	108	settled:partial	0x10412520	Global::FUN_10412520
L0 entity	L4 NPC	0x10104730	Global::FUN_10104730	107	settled:partial	0x100b4790	Global::FUN_100b4790
L0 entity	L4 NPC	0x1022a930	Global::FUN_1022a930	107	ported	0x10248c60	Global::FUN_10248c60
L0 entity	L4 NPC	0x1027de00	Global::FUN_1027de00	107	ported	0x102ee6a0	Global::FUN_102ee6a0
L0 entity	L5 script	0x101b33f0	Global::FUN_101b33f0	104	settled:partial	0x1024b400	Global::FUN_1024b400
L0 entity	L4 NPC	0x10278220	Global::FUN_10278220	104	ported	0x102ecd20	Global::SetGoal
L0 entity	L4 NPC	0x10278220	Global::FUN_10278220	104	ported	0x102e6d70	Global::FUN_102e6d70
L0 entity	L4 NPC	0x1028ebc0	Global::FUN_1028ebc0	104	ported	0x10143d80	Global::FUN_10143d80
L0 entity	L4 NPC	0x102b6650	Global::FUN_102b6650	104	seam	0x101ccc80	Global::FUN_101ccc80
L0 entity	L4 NPC	0x102b7110	Global::FUN_102b7110	104	ported	0x102d1350	Global::FUN_102d1350
L0 entity	L4 NPC	0x102b7110	Global::FUN_102b7110	104	ported	0x102d12e0	Global::FUN_102d12e0
L0 entity	L4 NPC	0x102d1760	Global::FUN_102d1760	104	ported	0x102d14c0	Global::FUN_102d14c0
L0 entity	L4 NPC	0x102d2980	Global::FUN_102d2980	104	ported	0x102d14c0	Global::FUN_102d14c0
L0 entity	L4 NPC	0x102e4160	Global::FUN_102e4160	104	ported	0x102e7e40	Global::FUN_102e7e40
L0 entity	L4 NPC	0x102e4160	Global::FUN_102e4160	104	ported	0x102e7270	Global::FUN_102e7270
L0 entity	L4 NPC	0x102f06e0	Global::FUN_102f06e0	104	ported	0x102e6d70	Global::FUN_102e6d70
L0 entity	L4 NPC	0x102f09a0	Global::FUN_102f09a0	104	settled:partial	0x1030ba90	Global::FUN_1030ba90
L0 entity	L4 NPC	0x102f09a0	Global::FUN_102f09a0	104	settled:partial	0x1030b4d0	Global::FUN_1030b4d0
L0 entity	L4 NPC	0x102f0ab0	Global::FUN_102f0ab0	104	settled:partial	0x102ee940	Global::FUN_102ee940
L0 entity	L4 NPC	0x102f0ab0	Global::FUN_102f0ab0	104	settled:partial	0x10146190	Global::FUN_10146190
L0 entity	L4 NPC	0x102f0ab0	Global::FUN_102f0ab0	104	settled:partial	0x10146150	Global::FUN_10146150
L0 entity	L4 NPC	0x102f0e00	Global::FUN_102f0e00	104	settled:partial	0x102f1cf0	Global::FUN_102f1cf0
L0 entity	L4 NPC	0x102f0e80	Global::FUN_102f0e80	104	ported	0x1030b4d0	Global::FUN_1030b4d0
L0 entity	L4 NPC	0x102fcbd0	Global::FUN_102fcbd0	104	settled:partial	0x102fb0d0	CAI_Node::GetPosition
L0 entity	L4 NPC	0x102fcd00	Global::FUN_102fcd00	104	ported	0x102fb0d0	CAI_Node::GetPosition
L0 entity	L4 NPC	0x102fcd00	Global::FUN_102fcd00	104	ported	0x102f98d0	Global::FUN_102f98d0
L0 entity	L4 NPC	0x102ffbd0	Global::FUN_102ffbd0	104	settled:partial	0x102fb0d0	CAI_Node::GetPosition
L0 entity	L4 NPC	0x10303740	Global::FUN_10303740	104	settled:unreachable	0x102e6d70	Global::FUN_102e6d70
L0 entity	L4 NPC	0x10304130	Global::FUN_10304130	104	ported	0x10303d10	Global::FUN_10303d10
L0 entity	L4 NPC	0x10304130	Global::FUN_10304130	104	ported	0x10303f80	Global::FUN_10303f80
L0 entity	L4 NPC	0x100ee3b0	CBaseDoor::FUN_100ee3b0	103	trivial:no caller	0x100b4320	CAI_BaseNPC::FUN_100b4320
L0 entity	L4 NPC	0x100ee4e0	Global::FUN_100ee4e0	103	ported	0x101f5950	Global::FUN_101f5950
L0 entity	L4 NPC	0x100efc90	CBaseDoor::Use	103	ported	0x100d15d0	Global::FUN_100d15d0
L0 entity	L4 NPC	0x1027dfb0	Global::FUN_1027dfb0	103	ported	0x10269a20	Global::SetCondition
L0 entity	L4 NPC	0x100f2bd0	CRotDoor::GetNPCOpenData	102	ported	0x100f2f90	Global::FUN_100f2f90
L0 entity	L4 NPC	0x102fa510	Global::FUN_102fa510	97	settled:engine_replaced	0x102f9cd0	Global::FUN_102f9cd0
L0 entity	L4 NPC	0x102fa510	Global::FUN_102fa510	97	settled:engine_replaced	0x102d6210	Global::FUN_102d6210
L0 entity	L4 NPC	0x102fa510	Global::FUN_102fa510	97	settled:engine_replaced	0x102fa170	Global::FUN_102fa170
L0 entity	L4 NPC	0x102fa510	Global::FUN_102fa510	97	settled:engine_replaced	0x102d6230	Global::FUN_102d6230
L0 entity	L4 NPC	0x1042e040	CSprite::vfunc117	97	trivial:no caller	0x100b4320	CAI_BaseNPC::FUN_100b4320
L0 entity	L4 NPC	0x10114d70	CFuncBrush::FUN_10114d70	81	trivial:no caller	0x100b4320	CAI_BaseNPC::FUN_100b4320
L0 entity	L4 NPC	0x100fb850	CEnvParticle::InputSetRateScale	79	named-in-port	0x100fb980	Global::FUN_100fb980
L0 entity	L4 NPC	0x101912d0	CPhysicsProp::FUN_101912d0	73	trivial:no caller	0x100b4320	CAI_BaseNPC::FUN_100b4320
L0 entity	L4 NPC	0x100bf740	CFuncIllusionary::vfunc117	68	trivial:no caller	0x100b4320	CAI_BaseNPC::FUN_100b4320
L0 entity	L4 NPC	0x1019dd70	CRopeKeyframe::vfunc117	62	trivial:no caller	0x100b4320	CAI_BaseNPC::FUN_100b4320
L0 entity	L4 NPC	0x1010c3d0	CAreaPortal::FUN_1010c3d0	53	unnamed:no caller	0x100b4320	CAI_BaseNPC::FUN_100b4320
L0 entity	L4 NPC	0x100bf8e0	CFuncRotating::vfunc117	51	unnamed:no caller	0x100b4320	CAI_BaseNPC::FUN_100b4320
L0 entity	L4 NPC	0x100c0420	Global::FUN_100c0420	51	unnamed:open caller	0x100b4790	Global::FUN_100b4790
L0 entity	L4 NPC	0x1020dce0	Global::FUN_1020dce0	50	unnamed:open caller	0x101f5950	Global::FUN_101f5950
L0 entity	L4 NPC	0x100c9560	Global::FUN_100c9560	41	unnamed:absorbed?	0x101f5950	Global::FUN_101f5950
L0 entity	L4 NPC	0x100c9670	CBaseButton::FUN_100c9670	41	unnamed:no caller	0x100b4320	CAI_BaseNPC::FUN_100b4320
L0 entity	L4 NPC	0x100c97c0	Global::FUN_100c97c0	41	unnamed:absorbed?	0x101f5950	Global::FUN_101f5950
L0 entity	L5 script	0x102c0520	Global::FUN_102c0520	36	ported	0x100e0a40	CDialog::PlayWhisper
L0 entity	L4 NPC	0x10217b30	Global::BeginInput	34	ported	0x101f5950	Global::FUN_101f5950
L0 entity	L4 NPC	0x10219ec0	CPropHacking::vfunc117	34	unnamed:no caller	0x100b4320	CAI_BaseNPC::FUN_100b4320
L0 entity	L4 NPC	0x1021b5e0	Global::FUN_1021b5e0	34	ported	0x101f5950	Global::FUN_101f5950
L0 entity	L5 script	0x1021bc90	Global::FUN_1021bc90	34	ported	0x100ea2d0	CDialogDependency::CallPyDialogFunc
L0 entity	L5 script	0x1021bec0	Global::FUN_1021bec0	34	ported	0x100ea2d0	CDialogDependency::CallPyDialogFunc
L0 entity	L4 NPC	0x1021c3c0	Global::FUN_1021c3c0	34	ported	0x101f5950	Global::FUN_101f5950
L0 entity	L5 script	0x1021c6d0	Global::FUN_1021c6d0	34	ported	0x100ea2d0	CDialogDependency::CallPyDialogFunc
L0 entity	L4 NPC	0x1021c890	Global::FUN_1021c890	34	ported	0x101f5950	Global::FUN_101f5950
L0 entity	L4 NPC	0x1010d430	CBreakable::FUN_1010d430	32	unnamed:no caller	0x100b4320	CAI_BaseNPC::FUN_100b4320
L0 entity	L4 NPC	0x10114a50	CFunc_LOD::vfunc117	32	unnamed:no caller	0x100b4320	CAI_BaseNPC::FUN_100b4320
L0 entity	L4 NPC	0x10116550	CFuncElevator::FUN_10116550	22	unnamed:no caller	0x100b4320	CAI_BaseNPC::FUN_100b4320
L0 entity	L4 NPC	0x102158d0	CPropButton::vfunc117	18	unnamed:no caller	0x100b4320	CAI_BaseNPC::FUN_100b4320
L0 entity	L4 NPC	0x10215a30	CPropButton::vfunc265	18	unnamed:open caller	0x101f5950	Global::FUN_101f5950
L0 entity	L4 NPC	0x10215ad0	Global::FUN_10215ad0	18	unnamed:open caller	0x101f5950	Global::FUN_101f5950
L0 entity	L4 NPC	0x1004e110	CPhysBox::vfunc117	17	unnamed:no caller	0x100b4320	CAI_BaseNPC::FUN_100b4320
L0 entity	L4 NPC	0x1010fec0	CBreakableSurface::Precache	12	engine-replaced	0x101d0ec0	Global::FUN_101d0ec0
L0 entity	L4 NPC	0x10116bf0	CFuncMoveLinear::vfunc133	12	unnamed:no caller	0x101c1720	CAI_BaseNPC::FUN_101c1720
L0 entity	L4 NPC	0x10113c10	CFunc_Dust::FUN_10113c10	10	unnamed:no caller	0x100b4320	CAI_BaseNPC::FUN_100b4320
L0 entity	L4 NPC	0x1022c750	CPropRadio::SetState	9	named-in-port	0x101f5950	Global::FUN_101f5950
L0 entity	L4 NPC	0x100bac90	CBeam::FUN_100bac90	5	unnamed:no caller	0x100b4320	CAI_BaseNPC::FUN_100b4320
L0 entity	L4 NPC	0x100ff310	Global::FUN_100ff310	5	unnamed:open caller	0x100b4790	Global::FUN_100b4790
L0 entity	L4 NPC	0x101928a0	CPropMover::vfunc117	5	unnamed:no caller	0x100b4320	CAI_BaseNPC::FUN_100b4320
L0 entity	L4 NPC	0x10223a10	CBaseKeyframedMover::FUN_10223a10	5	unnamed:no caller	0x101c1720	CAI_BaseNPC::FUN_101c1720
L0 entity	L4 NPC	0x102109b0	CTriggerPlayerActivityLevel::EndTouch	4	missing	0x1017de60	Global::FUN_1017de60
L0 entity	L4 NPC	0x102109b0	CTriggerPlayerActivityLevel::EndTouch	4	missing	0x1017dd80	Global::FUN_1017dd80
L0 entity	L4 NPC	0x102109b0	CTriggerPlayerActivityLevel::EndTouch	4	missing	0x1017ddd0	Global::FUN_1017ddd0
L0 entity	L4 NPC	0x10214cc0	Global::FUN_10214cc0	4	unnamed:open caller	0x100fbc90	Global::FUN_100fbc90
L0 entity	L4 NPC	0x102d24b0	Global::FUN_102d24b0	4	ported	0x102d14c0	Global::FUN_102d14c0
L0 entity	L4 NPC	0x1034c2d0	Global::FUN_1034c2d0	4	ported	0x102781e0	Global::FUN_102781e0
L0 entity	L4 NPC	0x103e0980	Global::FUN_103e0980	4	ported	0x102ae840	Global::FUN_102ae840
L0 entity	L4 NPC	0x102101d0	Global::FUN_102101d0	2	unnamed:open caller	0x10146b20	Global::FUN_10146b20
L0 entity	L4 NPC	0x1014ef60	CPhysicsAnimlink::vfunc117	1	unnamed:no caller	0x100b4320	CAI_BaseNPC::FUN_100b4320
L1 animation	L2 character	0x10090580	CBaseAnimating::BurnModel	108	stub	0x100fb1f0	Global::FUN_100fb1f0
L1 animation	L2 character	0x100c5b00	Global::FUN_100c5b00	108	settled:carried	0x100c57e0	Global::FUN_100c57e0
L1 animation	L4 NPC	0x10090580	CBaseAnimating::BurnModel	108	stub	0x100fbc90	Global::FUN_100fbc90
L1 animation	L4 NPC	0x10091fe0	CBaseAnimating::SetPoseParameter02	108	stub	0x100c43e0	Global::FUN_100c43e0
L1 animation	L4 NPC	0x10092270	CBaseAnimating::LookupPoseParameter	108	named-in-port	0x100c73b0	Global::FUN_100c73b0
L1 animation	L4 NPC	0x10095fe0	CBaseAnimating::GetSkeleton	108	stub	0x100c32e0	Global::FUN_100c32e0
L1 animation	L4 NPC	0x10095fe0	CBaseAnimating::GetSkeleton	108	stub	0x100c2ce0	Global::FUN_100c2ce0
L1 animation	L4 NPC	0x100991b0	CBaseAnimatingOverlay::AddGesture	108	ported	0x10099540	CAI_BaseNPC::FUN_10099540
L1 animation	L4 NPC	0x100991b0	CBaseAnimatingOverlay::AddGesture	108	ported	0x1025d730	Global::FUN_1025d730
L1 animation	L4 NPC	0x100991b0	CBaseAnimatingOverlay::AddGesture	108	ported	0x100994c0	CAI_BaseNPC::FUN_100994c0
L1 animation	L4 NPC	0x100c13a0	Global::FUN_100c13a0	108	settled:engine_replaced	0x100c1230	Global::FUN_100c1230
L1 animation	L4 NPC	0x100c4500	Global::FUN_100c4500	108	trivial:no caller	0x100c73b0	Global::FUN_100c73b0
L2 character	L3 player	0x10054060	CBaseCombatCharacter::UpdatePoseParameters	108	stub	0x1013d450	Global::FUN_1013d450
L2 character	L3 player	0x100a7de0	CBaseEntity::TraceAttack	108	stub	0x102699e0	Global::FUN_102699e0
L2 character	L3 player	0x100d9220	Global::FUN_100d9220	108	settled:carried	0x10227a30	Global::FUN_10227a30
L2 character	L3 player	0x10170090	Global::FUN_10170090	108	ported	0x101618e0	Global::FUN_101618e0
L2 character	L3 player	0x10170090	Global::FUN_10170090	108	ported	0x1033f6d0	Global::FUN_1033f6d0
L2 character	L3 player	0x10170090	Global::FUN_10170090	108	ported	0x10175180	Global::FUN_10175180
L2 character	L3 player	0x101d8770	Global::FUN_101d8770	108	trivial:no caller	0x101d88b0	Global::FUN_101d88b0
L2 character	L3 player	0x101e3c10	Global::FUN_101e3c10	108	settled:partial	0x101e12f0	Global::FUN_101e12f0
L2 character	L3 player	0x101e4220	Global::FUN_101e4220	108	settled:carried	0x101e12f0	Global::FUN_101e12f0
L2 character	L3 player	0x101f8620	Global::FUN_101f8620	108	ported	0x101ce290	Global::FUN_101ce290
L2 character	L3 player	0x101f8620	Global::FUN_101f8620	108	ported	0x10227a30	Global::FUN_10227a30
L2 character	L3 player	0x101f8620	Global::FUN_101f8620	108	ported	0x10161a70	Global::FUN_10161a70
L2 character	L3 player	0x101f8620	Global::FUN_101f8620	108	ported	0x101644f0	Global::FUN_101644f0
L2 character	L3 player	0x101f8f30	Global::FUN_101f8f30	108	ported	0x101ce290	Global::FUN_101ce290
L2 character	L3 player	0x101f8f30	Global::FUN_101f8f30	108	ported	0x10227a30	Global::FUN_10227a30
L2 character	L3 player	0x101f8f30	Global::FUN_101f8f30	108	ported	0x10161a70	Global::FUN_10161a70
L2 character	L3 player	0x101f8f30	Global::FUN_101f8f30	108	ported	0x101644f0	Global::FUN_101644f0
L2 character	L3 player	0x10230910	Global::FUN_10230910	108	settled:partial	0x101cecf0	Global::FUN_101cecf0
L2 character	L3 player	0x10256280	Global::FUN_10256280	108	trivial:no caller	0x10256200	Global::FUN_10256200
L2 character	L3 player	0x10268330	Global::RangedDamagePerVictim	108	seam	0x101d8820	Global::FUN_101d8820
L2 character	L3 player	0x103246d0	CBaseCombatCharacter::UpdateCharacter	108	ported	0x101cee20	Global::FUN_101cee20
L2 character	L3 player	0x10327a90	CBaseCombatCharacter::CorpseGib	108	stub	0x1012a6e0	Global::FUN_1012a6e0
L2 character	L3 player	0x1032db60	CBaseCombatCharacter::Weapon_CanSwitchTo	108	named-in-port	0x101681a0	Global::FUN_101681a0
L2 character	L3 player	0x10334e70	CBaseCombatCharacter::Inventory_Insert	108	ported	0x10408480	Global::FUN_10408480
L2 character	L3 player	0x10334e70	CBaseCombatCharacter::Inventory_Insert	108	ported	0x10408220	Global::FUN_10408220
L2 character	L3 player	0x10334e70	CBaseCombatCharacter::Inventory_Insert	108	ported	0x101836d0	CBasePlayer::Inventory_AddLooseKeysToKeyRing
L2 character	L3 player	0x101e2f50	Global::FUN_101e2f50	104	ported	0x101cecf0	Global::FUN_101cecf0
L2 character	L3 player	0x101e2f50	Global::FUN_101e2f50	104	ported	0x10227a30	Global::FUN_10227a30
L2 character	L3 player	0x101e3310	Global::FUN_101e3310	104	settled:not_carried	0x101e12f0	Global::FUN_101e12f0
L2 character	L3 player	0x101e7ea0	Global::FUN_101e7ea0	81	settled:carried	0x101d8820	Global::FUN_101d8820
L2 character	L3 player	0x101e8100	Global::FUN_101e8100	81	settled:carried	0x101d8820	Global::FUN_101d8820
L2 character	L3 player	0x10253110	Global::FUN_10253110	61	trivial:no caller	0x10182e00	Global::FUN_10182e00
L2 character	L3 player	0x10254450	CBaseCombatWeapon::FUN_10254450	61	settled:partial	0x1019d3d0	Global::FUN_1019d3d0
L2 character	L3 player	0x10257980	CBaseCombatWeapon::Use	61	missing	0x10173f90	Global::FUN_10173f90
L2 character	L3 player	0x10253ea0	CBaseCombatWeapon::ItemPostFrame	57	named-in-port	0x1015ef20	Global::FUN_1015ef20
L2 character	L3 player	0x103eaec0	CWeaponMelee::ItemPostFrame	17	ported	0x1015ef20	Global::FUN_1015ef20
L2 character	L4 NPC	0x100521e0	CBaseCombatCharacter::UpdateDisciplineVisuals	108	missing	0x1032fe60	CAI_BaseNPC::FUN_1032fe60
L2 character	L4 NPC	0x100532b0	CBaseCombatCharacter::UpdateAuspex	108	ported	0x1014f910	CAI_BaseNPC::FUN_1014f910
L2 character	L4 NPC	0x100721e0	Global::FUN_100721e0	108	ported	0x10248c60	Global::FUN_10248c60
L2 character	L4 NPC	0x100721e0	Global::FUN_100721e0	108	ported	0x102489a0	Global::FUN_102489a0
L2 character	L4 NPC	0x100eb870	Global::FUN_100eb870	108	settled:carried	0x100ed2c0	Global::FUN_100ed2c0
L2 character	L4 NPC	0x100eba00	Global::FUN_100eba00	108	ported	0x10248c60	Global::FUN_10248c60
L2 character	L4 NPC	0x100eba00	Global::FUN_100eba00	108	ported	0x100ed2c0	Global::FUN_100ed2c0
L2 character	L4 NPC	0x100eba00	Global::FUN_100eba00	108	ported	0x102489a0	Global::FUN_102489a0
L2 character	L5 script	0x10105f30	CBaseCombatCharacter::AddSceneExpressions	108	stub	0x10075f30	Global::HasEndTime
L2 character	L5 script	0x10105f30	CBaseCombatCharacter::AddSceneExpressions	108	stub	0x10075b70	Global::FUN_10075b70
L2 character	L4 NPC	0x10105f30	CBaseCombatCharacter::AddSceneExpressions	108	stub	0x100b6960	CAI_BaseNPC::FUN_100b6960
L2 character	L5 script	0x10106050	CBaseCombatCharacter::UpdateExpressions	108	missing	0x10076280	Global::FUN_10076280
L2 character	L5 script	0x10106050	CBaseCombatCharacter::UpdateExpressions	108	missing	0x101051b0	CExpressionTable::GetExpressionData
L2 character	L4 NPC	0x10106050	CBaseCombatCharacter::UpdateExpressions	108	missing	0x1007dfa0	Global::FUN_1007dfa0
L2 character	L5 script	0x10106a40	CBaseCombatCharacter::LookupExpressionIndex	108	named-in-port	0x10105870	CExpressionTable::LookupExpression
L2 character	L4 NPC	0x10147710	Global::FUN_10147710	108	settled:not_carried	0x100fbc90	Global::FUN_100fbc90
L2 character	L5 script	0x1016f2a0	Global::FUN_1016f2a0	108	settled:engine_replaced	0x101d1070	Global::FUN_101d1070
L2 character	L4 NPC	0x101daad0	Global::FUN_101daad0	108	settled:not_carried	0x103380d0	CBaseCombatCharacter::IsBossMonster
L2 character	L4 NPC	0x101db070	Global::FUN_101db070	108	trivial:no caller	0x101da880	Global::FUN_101da880
L2 character	L4 NPC	0x101dd090	Global::FUN_101dd090	108	settled:engine_replaced	0x100fbc90	Global::FUN_100fbc90
L2 character	L4 NPC	0x101ddfb0	Global::FUN_101ddfb0	108	ported	0x10412520	Global::FUN_10412520
L2 character	L4 NPC	0x101df260	Global::FUN_101df260	108	settled:partial	0x101ddec0	Global::FUN_101ddec0
L2 character	L4 NPC	0x101df260	Global::FUN_101df260	108	settled:partial	0x101dda30	Global::FUN_101dda30
L2 character	L4 NPC	0x101dfc20	Global::FUN_101dfc20	108	ported	0x101e11c0	Global::FUN_101e11c0
L2 character	L4 NPC	0x101e1010	Global::FUN_101e1010	108	settled:partial	0x101e0c30	Global::FUN_101e0c30
L2 character	L4 NPC	0x101e34c0	Global::FUN_101e34c0	108	settled:partial	0x101e1250	Global::FUN_101e1250
L2 character	L4 NPC	0x101e34c0	Global::FUN_101e34c0	108	settled:partial	0x101e3730	Global::FUN_101e3730
L2 character	L4 NPC	0x101e3850	Global::FUN_101e3850	108	settled:partial	0x101e1870	Global::FUN_101e1870
L2 character	L4 NPC	0x101e3910	Global::FUN_101e3910	108	ported	0x101e1870	Global::FUN_101e1870
L2 character	L4 NPC	0x101e3be0	Global::FUN_101e3be0	108	trivial:no caller	0x101e1870	Global::FUN_101e1870
L2 character	L4 NPC	0x101e3be0	Global::FUN_101e3be0	108	trivial:no caller	0x101e3af0	Global::RemoveEffect
L2 character	L4 NPC	0x101e3cf0	Global::FUN_101e3cf0	108	ported	0x101e1870	Global::FUN_101e1870
L2 character	L4 NPC	0x101e3cf0	Global::FUN_101e3cf0	108	ported	0x101e3af0	Global::RemoveEffect
L2 character	L4 NPC	0x101e3e70	Global::FUN_101e3e70	108	ported	0x101e1870	Global::FUN_101e1870
L2 character	L4 NPC	0x101e3e70	Global::FUN_101e3e70	108	ported	0x101e1590	Global::FUN_101e1590
L2 character	L4 NPC	0x101ef900	Global::FUN_101ef900	108	seam	0x100fbc90	Global::FUN_100fbc90
L2 character	L4 NPC	0x101f4ce0	Global::FUN_101f4ce0	108	settled:not_carried	0x10412520	Global::FUN_10412520
L2 character	L4 NPC	0x101f8620	Global::FUN_101f8620	108	ported	0x101e3560	Global::FUN_101e3560
L2 character	L4 NPC	0x101f8620	Global::FUN_101f8620	108	ported	0x101e1520	Global::FUN_101e1520
L2 character	L4 NPC	0x101f8620	Global::FUN_101f8620	108	ported	0x102ca2a0	Global::FUN_102ca2a0
L2 character	L4 NPC	0x101f8f30	Global::FUN_101f8f30	108	ported	0x101e40b0	Global::FUN_101e40b0
L2 character	L4 NPC	0x101f8f30	Global::FUN_101f8f30	108	ported	0x101e1520	Global::FUN_101e1520
L2 character	L4 NPC	0x102213c0	QuestJournal::AddQuest	108	named-in-port	0x102489a0	Global::FUN_102489a0
L2 character	L4 NPC	0x10267b60	Global::FUN_10267b60	108	ported	0x101d0b70	Global::FUN_101d0b70
L2 character	L4 NPC	0x10268330	Global::RangedDamagePerVictim	108	seam	0x101c2a50	Global::FUN_101c2a50
L2 character	L4 NPC	0x10268330	Global::RangedDamagePerVictim	108	seam	0x1014f870	CAI_BaseNPC::FUN_1014f870
L2 character	L4 NPC	0x10268900	CAISound::FUN_10268900	108	ported	0x10138a90	Global::FUN_10138a90
L2 character	L4 NPC	0x10293e20	Global::FUN_10293e20	108	trivial:no caller	0x10293d90	Global::FUN_10293d90
L2 character	L4 NPC	0x102c51a0	Global::DoPossession	108	ported	0x102c4640	Global::SetFollowerType
L2 character	L4 NPC	0x102c51a0	Global::DoPossession	108	ported	0x10279cc0	Global::SetTarget
L2 character	L4 NPC	0x102c51a0	Global::DoPossession	108	ported	0x1026d050	Global::DisconnectFromSquad
L2 character	L4 NPC	0x102c51a0	Global::DoPossession	108	ported	0x1026e340	Global::FUN_1026e340
L2 character	L4 NPC	0x102c51a0	Global::DoPossession	108	ported	0x102c4470	Global::FUN_102c4470
L2 character	L4 NPC	0x102c51a0	Global::DoPossession	108	ported	0x10273790	Global::InputSetRelationship
L2 character	L4 NPC	0x102c5310	Global::DoFrenzy	108	ported	0x1026d050	Global::DisconnectFromSquad
L2 character	L4 NPC	0x102c5310	Global::DoFrenzy	108	ported	0x1026e340	Global::FUN_1026e340
L2 character	L4 NPC	0x102c5310	Global::DoFrenzy	108	ported	0x10273790	Global::InputSetRelationship
L2 character	L4 NPC	0x103229d0	CBaseCombatCharacter::DamageFlinch	108	stub	0x10099690	CAI_BaseNPC::FUN_10099690
L2 character	L4 NPC	0x10322b40	CBaseCombatCharacter::UpdatePresenceEffect	108	stub	0x10333340	CBaseCombatCharacter::IRelationType
L2 character	L4 NPC	0x10322b40	CBaseCombatCharacter::UpdatePresenceEffect	108	stub	0x10323930	Global::FUN_10323930
L2 character	L4 NPC	0x10322b40	CBaseCombatCharacter::UpdatePresenceEffect	108	stub	0x101e3ff0	Global::FUN_101e3ff0
L2 character	L4 NPC	0x10323a90	CBaseCombatCharacter::Spawn	108	ported	0x103239a0	CBaseCombatCharacter::AddToTeam
L2 character	L4 NPC	0x10323cc0	CBaseCombatCharacter::SyncVendorInventory	108	named-in-port	0x101193b0	Global::FUN_101193b0
L2 character	L4 NPC	0x10324430	CBaseCombatCharacter::SetActivity	108	stub	0x101f6010	Global::FUN_101f6010
L2 character	L4 NPC	0x103246d0	CBaseCombatCharacter::UpdateCharacter	108	ported	0x100b5b00	CAI_BaseNPC::FUN_100b5b00
L2 character	L4 NPC	0x103246d0	CBaseCombatCharacter::UpdateCharacter	108	ported	0x10143d80	Global::FUN_10143d80
L2 character	L4 NPC	0x103246d0	CBaseCombatCharacter::UpdateCharacter	108	ported	0x10143710	Global::FUN_10143710
L2 character	L4 NPC	0x10324ea0	CBaseCombatCharacter::UpdateVampHeal_HOT	108	missing	0x1032fe60	CAI_BaseNPC::FUN_1032fe60
L2 character	L4 NPC	0x10326040	CBaseCombatCharacter::CorpseFade	108	stub	0x102695d0	Global::FUN_102695d0
L2 character	L4 NPC	0x103285a0	CBaseCombatCharacter::CanStartGrappleAttack	108	ported	0x1014f9d0	CAI_BaseNPC::FUN_1014f9d0
L2 character	L4 NPC	0x103285a0	CBaseCombatCharacter::CanStartGrappleAttack	108	ported	0x101be1d0	Global::FUN_101be1d0
L2 character	L4 NPC	0x1032b9b0	CBaseCombatCharacter::Event_Killed	108	ported	0x101c2af0	Global::FUN_101c2af0
L2 character	L4 NPC	0x1032c0e0	CBaseCombatCharacter::CreateCorpse	108	ported	0x100b4790	Global::FUN_100b4790
L2 character	L4 NPC	0x1032c0e0	CBaseCombatCharacter::CreateCorpse	108	ported	0x1004fc50	CAI_BaseNPC::FUN_1004fc50
L2 character	L4 NPC	0x1032d2e0	CBaseCombatCharacter::Weapon_Drop_All	108	stub	0x1032ce40	CAI_BaseNPC::FUN_1032ce40
L2 character	L4 NPC	0x1032d6e0	CBaseCombatCharacter::Weapon_EquipAmmoOnly	108	stub	0x10334180	CAI_BaseNPC::FUN_10334180
L2 character	L4 NPC	0x1032ef60	CBaseCombatCharacter::OnTakeDamage	108	ported	0x1014fa30	CAI_BaseNPC::FUN_1014fa30
L2 character	L4 NPC	0x1032ef60	CBaseCombatCharacter::OnTakeDamage	108	ported	0x10323930	Global::FUN_10323930
L2 character	L4 NPC	0x1032f550	CBaseCombatCharacter::GetFireParticleForHBox	108	missing	0x100fbc90	Global::FUN_100fbc90
L2 character	L4 NPC	0x1032f770	CBaseCombatCharacter::BurnHitbox	108	named-in-port	0x100fbac0	Global::FUN_100fbac0
L2 character	L4 NPC	0x103302e0	CBaseCombatCharacter::OnTakeDamage_Alive	108	ported	0x1032fe60	CAI_BaseNPC::FUN_1032fe60
L2 character	L4 NPC	0x103302e0	CBaseCombatCharacter::OnTakeDamage_Alive	108	ported	0x1014f930	CAI_BaseNPC::FUN_1014f930
L2 character	L4 NPC	0x10330d00	CBaseCombatCharacter::CreateDamageEffects	108	stub	0x102ae750	Global::FUN_102ae750
L2 character	L4 NPC	0x103330f0	CBaseCombatCharacter::SetDialogReactionModifier	108	missing	0x10333700	CBaseCombatCharacter::IRelationPriority
L2 character	L4 NPC	0x103330f0	CBaseCombatCharacter::SetDialogReactionModifier	108	missing	0x10333340	CBaseCombatCharacter::IRelationType
L2 character	L4 NPC	0x103330f0	CBaseCombatCharacter::SetDialogReactionModifier	108	missing	0x10332930	CBaseCombatCharacter::ExpandRelationshipTable
L2 character	L4 NPC	0x10334e70	CBaseCombatCharacter::Inventory_Insert	108	ported	0x10334180	CAI_BaseNPC::FUN_10334180
L2 character	L4 NPC	0x10338df0	CBaseCombatCharacter::DecBloodPool	108	ported	0x1032fe60	CAI_BaseNPC::FUN_1032fe60
L2 character	L4 NPC	0x103392c0	CBaseCombatCharacter::Die	108	ported	0x101c2a90	Global::FUN_101c2a90
L2 character	L4 NPC	0x1033a400	CBaseCombatCharacter::Feed	108	ported	0x1032fe60	CAI_BaseNPC::FUN_1032fe60
L2 character	L4 NPC	0x1033a9e0	CBaseCombatCharacter::FeedInterrupt	108	ported	0x102ae750	Global::FUN_102ae750
L2 character	L4 NPC	0x1033cef0	CBaseCombatCharacter::RemoveDisciplineEffects	108	stub	0x101e3af0	Global::RemoveEffect
L2 character	L4 NPC	0x1033f1a0	CBaseCombatCharacter::FrenzyComparison	108	named-in-port	0x1014f930	CAI_BaseNPC::FUN_1014f930
L2 character	L4 NPC	0x1033f4c0	CBaseCombatCharacter::HungerCheck	108	named-in-port	0x1014f930	CAI_BaseNPC::FUN_1014f930
L2 character	L5 script	0x1033f750	CBaseCombatCharacter::PrecacheOnce	108	engine-replaced	0x10104ea0	CExpressionTable::InitTable
L2 character	L4 NPC	0x1033f750	CBaseCombatCharacter::PrecacheOnce	108	engine-replaced	0x101d0f10	Global::FUN_101d0f10
L2 character	L4 NPC	0x1033f750	CBaseCombatCharacter::PrecacheOnce	108	engine-replaced	0x101be020	CStealthKillRules::InitTable
L2 character	L4 NPC	0x103409a0	CBaseCombatCharacter::SetModel	108	stub	0x100b5ba0	CAI_BaseNPC::FUN_100b5ba0
L2 character	L4 NPC	0x10343020	CBaseCombatCharacter::MeleeSwingStep	108	ported	0x10323930	Global::FUN_10323930
L2 character	L4 NPC	0x10343020	CBaseCombatCharacter::MeleeSwingStep	108	ported	0x1014f830	CAI_BaseNPC::FUN_1014f830
L2 character	L4 NPC	0x10343020	CBaseCombatCharacter::MeleeSwingStep	108	ported	0x10146150	Global::FUN_10146150
L2 character	L4 NPC	0x10344f80	Global::FUN_10344f80	108	ported	0x10344da0	Global::FUN_10344da0
L2 character	L4 NPC	0x10348890	CBaseCombatCharacter::Restore	108	stub	0x103239a0	CBaseCombatCharacter::AddToTeam
L2 character	L5 script	0x10106f90	CBaseCombatCharacter::IsValidExpressionIndex	104	missing	0x10104ff0	CExpressionTable::IsValidExpressionIndex
L2 character	L4 NPC	0x101e2f50	Global::FUN_101e2f50	104	ported	0x101e3560	Global::FUN_101e3560
L2 character	L4 NPC	0x101e2f50	Global::FUN_101e2f50	104	ported	0x101e3730	Global::FUN_101e3730
L2 character	L4 NPC	0x101e3a30	Global::InterruptSchedule	104	ported	0x101e1870	Global::FUN_101e1870
L2 character	L4 NPC	0x10278650	Global::FUN_10278650	104	ported	0x102dfed0	Global::FUN_102dfed0
L2 character	L4 NPC	0x10296c40	Global::FUN_10296c40	104	ported	0x102d0ab0	Global::FUN_102d0ab0
L2 character	L4 NPC	0x10296c40	Global::FUN_10296c40	104	ported	0x102d12e0	Global::FUN_102d12e0
L2 character	L4 NPC	0x10296c40	Global::FUN_10296c40	104	ported	0x102968f0	Global::FUN_102968f0
L2 character	L4 NPC	0x102e3450	Global::FUN_102e3450	104	ported	0x102e3290	Global::FUN_102e3290
L2 character	L4 NPC	0x102e3450	Global::FUN_102e3450	104	ported	0x102e30d0	Global::FUN_102e30d0
L2 character	L4 NPC	0x102e37b0	Global::FUN_102e37b0	104	ported	0x102e30d0	Global::FUN_102e30d0
L2 character	L4 NPC	0x102e8270	Global::FUN_102e8270	104	ported	0x10271ff0	CAI_BaseNPC::TranslateActivity
L2 character	L4 NPC	0x1033d4b0	CBaseCombatCharacter::BloodExplode	104	seam	0x103380d0	CBaseCombatCharacter::IsBossMonster
L2 character	L4 NPC	0x1033e370	CBaseCombatCharacter::LookAtEntity	104	stub	0x102e0b40	Global::FUN_102e0b40
L2 character	L4 NPC	0x1033e370	CBaseCombatCharacter::LookAtEntity	104	stub	0x102e20b0	Global::FUN_102e20b0
L2 character	L4 NPC	0x103449b0	CBaseCombatCharacter::GetKnockbackActivity	104	ported	0x10344da0	Global::FUN_10344da0
L2 character	L4 NPC	0x103449b0	CBaseCombatCharacter::GetKnockbackActivity	104	ported	0x10344dd0	CAI_BaseNPC::FUN_10344dd0
L2 character	L4 NPC	0x10347180	CBaseCombatCharacter::ChooseMeleeAttackSequence	104	ported	0x10269a20	Global::SetCondition
L2 character	L4 NPC	0x10385c30	Global::FUN_10385c30	97	ported	0x1025dca0	Global::FUN_1025dca0
L2 character	L4 NPC	0x10224130	CItemContainerLock::vfunc117	77	trivial:no caller	0x100b4320	CAI_BaseNPC::FUN_100b4320
L2 character	L4 NPC	0x10340360	CBaseCombatCharacter::Precache	77	stub	0x102d6230	Global::FUN_102d6230
L2 character	L4 NPC	0x1024f3d0	CBaseCombatWeapon::FUN_1024f3d0	61	ported	0x10269a20	Global::SetCondition
L2 character	L4 NPC	0x10257640	Global::FUN_10257640	61	settled:partial	0x101193b0	Global::FUN_101193b0
L2 character	L4 NPC	0x10257930	CBaseCombatWeapon::FUN_10257930	61	settled:partial	0x100b4320	CAI_BaseNPC::FUN_100b4320
L2 character	L4 NPC	0x102579f0	CBaseCombatWeapon::FUN_102579f0	61	ported	0x103482e0	CAI_BaseNPC::FUN_103482e0
L2 character	L4 NPC	0x102579f0	CBaseCombatWeapon::FUN_102579f0	61	ported	0x1014f7b0	CAI_BaseNPC::FUN_1014f7b0
L2 character	L4 NPC	0x102579f0	CBaseCombatWeapon::FUN_102579f0	61	ported	0x1014fa50	CAI_BaseNPC::FUN_1014fa50
L2 character	L4 NPC	0x1033d940	Global::FUN_1033d940	61	ported	0x101e3f50	Global::FUN_101e3f50
L2 character	L4 NPC	0x10254250	CWeaponMelee::ItemBusyFrame	60	missing	0x10345480	Global::FUN_10345480
L2 character	L4 NPC	0x102181a0	CBaseTerminal::vfunc39	35	ported	0x101f5950	Global::FUN_101f5950
L2 character	L4 NPC	0x10218710	Global::FUN_10218710	35	ported	0x101d1120	Global::FUN_101d1120
L2 character	L5 script	0x103322e0	CBaseCombatCharacter::SetAsCameraTarget	30	ported	0x1017d460	Global::FUN_1017d460
L2 character	L4 NPC	0x10209090	CItemContainer::FUN_10209090	29	unnamed:no caller	0x101c1720	CAI_BaseNPC::FUN_101c1720
L2 character	L4 NPC	0x10209090	CItemContainer::FUN_10209090	29	unnamed:no caller	0x101f5950	Global::FUN_101f5950
L2 character	L4 NPC	0x10209330	CItemContainer::FUN_10209330	29	unnamed:no caller	0x100b4320	CAI_BaseNPC::FUN_100b4320
L2 character	L4 NPC	0x10209e30	Global::FUN_10209e30	28	unnamed:open caller	0x101f5950	Global::FUN_101f5950
L2 character	L4 NPC	0x103e3570	Global::FUN_103e3570	2	unnamed:open caller	0x101c2b10	Global::FUN_101c2b10
L2 character	L4 NPC	0x10208c90	CItemContainer::InputUse	1	missing	0x101f5950	Global::FUN_101f5950
L2 character	L4 NPC	0x103e77f0	Global::FUN_103e77f0	1	unnamed:open caller	0x100fbc90	Global::FUN_100fbc90
L2 character	L4 NPC	0x103fc060	CBloodPack::Deploy	1	missing	0x1032fe60	CAI_BaseNPC::FUN_1032fe60
L2 character	L4 NPC	0x103fc4e0	CBlueBloodPack::Deploy	1	missing	0x1032fe60	CAI_BaseNPC::FUN_1032fe60
L2 character	L4 NPC	0x103fc940	CElderVitaePack::Deploy	1	missing	0x1032fe60	CAI_BaseNPC::FUN_1032fe60
L3 player	L4 NPC	0x10146e20	Global::FUN_10146e20	108	settled:engine_replaced	0x1025d730	Global::FUN_1025d730
L3 player	L4 NPC	0x1015dd50	CBasePlayer::FUN_1015dd50	108	trivial:no caller	0x100b4320	CAI_BaseNPC::FUN_100b4320
L3 player	L5 script	0x1015df00	Global::FUN_1015df00	108	settled:engine_replaced	0x100df590	CDialog::~CDialog
L3 player	L4 NPC	0x101606e0	CBasePlayer::PlayerKnockbackReaction	108	ported	0x100997f0	CAI_BaseNPC::FUN_100997f0
L3 player	L4 NPC	0x10161200	CBasePlayer::FUN_10161200	108	settled:partial	0x10344da0	Global::FUN_10344da0
L3 player	L4 NPC	0x10163f70	Global::FUN_10163f70	108	settled:engine_replaced	0x100fbc90	Global::FUN_100fbc90
L3 player	L4 NPC	0x10164040	Global::FUN_10164040	108	settled:not_carried	0x1033d2f0	Global::HasStatusEffect
L3 player	L4 NPC	0x10164870	CBasePlayer::FUN_10164870	108	ported	0x1032fc50	CAI_BaseNPC::FUN_1032fc50
L3 player	L4 NPC	0x10164870	CBasePlayer::FUN_10164870	108	ported	0x1032fb80	CAI_BaseNPC::FUN_1032fb80
L3 player	L5 script	0x10167850	CBasePlayer::PlayerUse	108	ported	0x10167d70	Global::FUN_10167d70
L3 player	L4 NPC	0x10167850	CBasePlayer::PlayerUse	108	ported	0x102ae750	Global::FUN_102ae750
L3 player	L4 NPC	0x10169960	CBasePlayer::FUN_10169960	108	settled:partial	0x100fbac0	Global::FUN_100fbac0
L3 player	L4 NPC	0x10169960	CBasePlayer::FUN_10169960	108	settled:partial	0x1017f4a0	Global::PlayerSupernaturalIncident
L3 player	L4 NPC	0x1016be10	CBasePlayer::PostThink	108	ported	0x10269a20	Global::SetCondition
L3 player	L4 NPC	0x1016be10	CBasePlayer::PostThink	108	ported	0x1033b5f0	CAI_BaseNPC::FUN_1033b5f0
L3 player	L4 NPC	0x1016d260	CBasePlayer::Spawn	108	ported	0x103239a0	CBaseCombatCharacter::AddToTeam
L3 player	L4 NPC	0x1016e820	CBasePlayer::Precache	108	ported	0x102d6230	Global::FUN_102d6230
L3 player	L5 script	0x1016ea00	CBasePlayer::Save	108	missing	0x101d1070	Global::FUN_101d1070
L3 player	L4 NPC	0x1016ebd0	CBasePlayer::Restore	108	ported	0x103239a0	CBaseCombatCharacter::AddToTeam
L3 player	L5 script	0x1016fa90	Global::FUN_1016fa90	108	settled:engine_replaced	0x101d1070	Global::FUN_101d1070
L3 player	L5 script	0x1016fed0	Global::FUN_1016fed0	108	settled:not_carried	0x100dfb80	CDialog::GenerateScriptFile
L3 player	L4 NPC	0x101728f0	CBasePlayer::FUN_101728f0	108	settled:engine_replaced	0x100b4790	Global::FUN_100b4790
L3 player	L4 NPC	0x10174580	Global::FUN_10174580	108	ported	0x101be1f0	CStealthKillRules::FindVictim
L3 player	L4 NPC	0x10175220	Global::FUN_10175220	108	settled:engine_replaced	0x10146a80	Global::FUN_10146a80
L3 player	L4 NPC	0x101755d0	CBasePlayer::UpdateClientActionState	108	ported	0x1032fe60	CAI_BaseNPC::FUN_1032fe60
L3 player	L4 NPC	0x101777e0	CBasePlayer::FUN_101777e0	108	settled:partial	0x1032ce40	CAI_BaseNPC::FUN_1032ce40
L3 player	L5 script	0x10178280	CBasePlayer::FUN_10178280	108	ported	0x100e05f0	CDialog::Acquire
L3 player	L4 NPC	0x10178280	CBasePlayer::FUN_10178280	108	ported	0x10178170	Global::FUN_10178170
L3 player	L4 NPC	0x1017f600	Global::FUN_1017f600	108	settled:partial	0x1017f8d0	Global::FUN_1017f8d0
L3 player	L4 NPC	0x10181780	Global::FUN_10181780	108	settled:engine_replaced	0x10167240	Global::FUN_10167240
L3 player	L4 NPC	0x10181780	Global::FUN_10181780	108	settled:engine_replaced	0x10146a80	Global::FUN_10146a80
L3 player	L4 NPC	0x10181be0	Global::FUN_10181be0	108	settled:partial	0x10269aa0	Global::HasCondition
L3 player	L4 NPC	0x10182550	CBasePlayer::FUN_10182550	108	settled:partial	0x10330020	CAI_BaseNPC::FUN_10330020
L3 player	L4 NPC	0x101b9a50	Global::FUN_101b9a50	108	ported	0x10143710	Global::FUN_10143710
L3 player	L4 NPC	0x101b9a50	Global::FUN_101b9a50	108	ported	0x101bf060	CStealthKillRules::GetDeafZoneMinDepth
L3 player	L4 NPC	0x101b9a50	Global::FUN_101b9a50	108	ported	0x101bea90	CStealthKillRules::GetDeafZoneArc
L3 player	L4 NPC	0x101cd190	Global::FUN_101cd190	108	settled:engine_replaced	0x101ccf50	Global::FUN_101ccf50
L3 player	L4 NPC	0x101e2910	Global::FUN_101e2910	108	settled:not_carried	0x101e1250	Global::FUN_101e1250
L3 player	L4 NPC	0x101e3c80	Global::FUN_101e3c80	108	settled:partial	0x101e1870	Global::FUN_101e1870
L3 player	L4 NPC	0x101e3c80	Global::FUN_101e3c80	108	settled:partial	0x101e3af0	Global::RemoveEffect
L3 player	L4 NPC	0x101e4150	Global::FUN_101e4150	108	settled:partial	0x101e1590	Global::FUN_101e1590
L3 player	L4 NPC	0x10206c70	Global::FUN_10206c70	108	settled:partial	0x10206c30	Global::FUN_10206c30
L3 player	L4 NPC	0x10310c10	Global::FUN_10310c10	108	ported	0x102ae8e0	Global::FUN_102ae8e0
L3 player	L4 NPC	0x10310c10	Global::FUN_10310c10	108	ported	0x1026e340	Global::FUN_1026e340
L3 player	L4 NPC	0x10310d70	Global::FUN_10310d70	108	settled:not_carried	0x103078d0	Global::FUN_103078d0
L3 player	L4 NPC	0x10310d70	Global::FUN_10310d70	108	settled:not_carried	0x102fb0d0	CAI_Node::GetPosition
L3 player	L4 NPC	0x10310d70	Global::FUN_10310d70	108	settled:not_carried	0x102f41b0	Global::FUN_102f41b0
L3 player	L4 NPC	0x10310d70	Global::FUN_10310d70	108	settled:not_carried	0x102f91b0	Global::FUN_102f91b0
L3 player	L4 NPC	0x10310d70	Global::FUN_10310d70	108	settled:not_carried	0x102f9000	Global::FUN_102f9000
L3 player	L4 NPC	0x10310d70	Global::FUN_10310d70	108	settled:not_carried	0x102f90e0	Global::FUN_102f90e0
L3 player	L4 NPC	0x10310d70	Global::FUN_10310d70	108	settled:not_carried	0x102f9090	Global::FUN_102f9090
L3 player	L4 NPC	0x10310d70	Global::FUN_10310d70	108	settled:not_carried	0x102f8f10	Global::FUN_102f8f10
L3 player	L4 NPC	0x1033d580	Global::FUN_1033d580	108	settled:not_carried	0x103380d0	CBaseCombatCharacter::IsBossMonster
L3 player	L4 NPC	0x1034fa80	CHL2_Player::vfunc469	108	settled:engine_replaced	0x10095cb0	Global::FUN_10095cb0
L3 player	L4 NPC	0x10350270	CHL2_Player::MaintainEyeDirection	108	ported	0x100b5b00	CAI_BaseNPC::FUN_100b5b00
L3 player	L4 NPC	0x10351e10	CHL2_Player::vfunc470	108	settled:engine_replaced	0x10269aa0	Global::HasCondition
L3 player	L4 NPC	0x10376d00	Global::FUN_10376d00	108	ported	0x101ccc80	Global::FUN_101ccc80
