address	name	type	value	evidence	sites
104454c8	Eighty	f32	80	`_DAT_104454c8` = 80.0f; the turn-activity ladder (ACT_90_LEFT lower edge), `CAI_BaseNPC` turn-activity pick	ElysiumNpcBaseFacing.cpp:334, ElysiumNpcBaseFacing.cpp:341
10446758	RadiansToDegrees	f32	57.29578	`_DAT_10446758` = 57.29578f; `CAI_BaseNPC::SetHeadDirection 0x1026af70`, radians to degrees (the port keeps FMath::RadiansToDegrees, a peripheral swap)	ElysiumNpcBaseFacing.cpp:253
10447ee8	FortyEight	f32	48	`_DAT_10447ee8`; the enemy-elusion radius of the slot-513 condition gatherer `0x1026fb40`	ElysiumNpcBaseConditions2.inl:153
104492b8	TwoHundred	f32	200	`_DAT_104492b8`; `RangeAttack1Conditions 0x1026d890` too-close-to-attack band and the Anim10_2 selectors far margin	ElysiumNpcAnim10_2Shared.h:29, ElysiumNpcBaseConditions.cpp:29
104492d0	MeleeDotMin	f64	0.7	`FCOMP double ptr [0x104492d0]`; `CAI_BaseNPC::MeleeAttack1Conditions 0x1026d9a0`, the facing-dot floor	ElysiumNpcBaseHelpers.cpp:34
104492dc	MinusOne	f32	-1	`_DAT_104492dc`; `CAI_BaseNPC` head probe `0x1026ab50`, the -1 extent scale	ElysiumNpcBaseSenses10.cpp:622
1044ddb0	Melee1OuterBand	f32	256	`_DAT_1044ddb0` = 256.0f; `CAI_BaseNPC::MeleeAttack1Conditions 0x1026d9a0`, past it COND_TOO_FAR_FOR_MELEE (docs/vtmb/npc-ai/conditions-and-states.md, "The four cells")	ElysiumNpcBaseHelpers.cpp:35, ElysiumNpcBaseHelpers.cpp:38, ElysiumNpcBaseHelpers.cpp:68
1044e664	Ten	f32	10	`_DAT_1044e664`; `GetSequenceCycleRate 0x10091230` zero-duration answer, `SUB_PVSRemove 0x102696f0` re-arm, `CreateCorpse` delay, `OnTakeDamage_Dead` Z drop, `TASK_FACE_PLAYER` yaw bound	ElysiumNpc.cpp:670, ElysiumNpc.cpp:671, ElysiumNpc.cpp:689, ElysiumNpcBaseAnim.cpp:33, ElysiumNpcBaseAnim.inl:10, ElysiumNpcBaseDamage.cpp:224, ElysiumNpcBaseDamage.cpp:28, ElysiumNpcBaseRunTask.cpp:123, ElysiumNpcBaseRunTask.cpp:124
1044eb08	DegreesToRadians	f32	0.017453292	`_DAT_1044eb08` = 0.017453292f; `AngleVectors 0x10139610` and the hint-angle cosine of `CAI_Hint::Spawn 0x102d0b60`	ElysiumNpcBaseLifecycle.cpp:69, ElysiumNpcBaseLifecycle.cpp:70, ElysiumNpcBaseMotor10.cpp:20, ElysiumNpcBaseMotor10.cpp:21, ElysiumNpcBaseMotor10.cpp:251, ElysiumNpcBaseMotor10.inl:167
1044f020	FrameAdvanceMinInterval	f64	0.001	`_DAT_1044f020` (`FCOMP double ptr`); `StudioFrameAdvance 0x1008f120`, an advance at or under it answers 0	ElysiumNpcBaseAnim.cpp:29, ElysiumNpcBaseAnim.cpp:32
1044fac0	TenDouble	f64	10.0	`_DAT_1044fac0`; `CAI_Motor::UpdateYaw 0x102e1c10` clamp cell (not run in the port: the mover turns the capsule)	ElysiumNpcBaseRunTask.inl:67
10450568	HeadAngleRunawayLimit	f32	360	`_DAT_10450568` = 360.0f; `CAI_BaseNPC::SetHeadDirection 0x1026af70`, the one-sided guard on the filtered head yaw and pitch	ElysiumNpcBaseFacing.cpp:253, ElysiumNpcBaseFacing.cpp:275, ElysiumNpcBaseFacing.cpp:304
10452dc4	Two	f32	2	`_DAT_10452dc4` = 2.0f; `CNPC_VAndreiBlood` runner cap `0x1035e920` / `0x1034c2d0` and the slot-513 weapon-search interval `0x1026fb40`	ElysiumNpcAndreiBlood.cpp:304, ElysiumNpcAndreiBlood.cpp:52, ElysiumNpcAndreiBlood.cpp:55, ElysiumNpcBaseConditions2.inl:107, ElysiumNpcBaseConditions2.inl:95
1045597c	Eight	f32	8	`_DAT_1045597c` = 8.0f; the slot-513 elusion window `0x1026fb40`	ElysiumNpcBaseConditions2.inl:152
104563b0	FourThousandNinetySix	f32	4096	`_DAT_104563b0`; the squared enemy-went-occluded distance (64 units), `0x10270180`	ElysiumNpcBaseSenses.cpp:22, ElysiumNpcBaseSenses.cpp:24, ElysiumNpcBaseSenses.cpp:256, ElysiumNpcBaseSenses.inl:61
10457ac4	EightHundred	f32	800	`_DAT_10457ac4` = 800.0f; the Werewolf `UpdateConditionCanTeleport` player-near distance that skips the view-cone test	ElysiumNpcBaseBoss.h:56
1045d650	OneThousandTwentyFour	f32	1024	`_DAT_1045d650` = 1024.0f; `CAI_BaseNPC::CoverRadius 0x101a6c20` (slot 550) and `RangeAttack1Conditions 0x1026d890` too-far band	ElysiumNpcBaseConditions.cpp:30, ElysiumNpcBaseEntityChain.cpp:20, ElysiumNpcBaseEntityChain.cpp:22, ElysiumNpcBaseEntityChain.cpp:94
10462978	MinusTwo	f32	-2	`_DAT_10462978` = -2.0f; `CAI_Motor::UpdateYaw 0x102e1c10`, the keep-the-current-speed sentinel	ElysiumNpcBaseRunTask.inl:29
104629b8	EyeOffsetFallbackScale	f32	0.75	`_DAT_104629b8` = 0.75f; `CAI_BaseNPC::SetDefaultEyeOffset 0x10274ca0` fallback scale on mins + maxs	ElysiumNpcBaseHelpers.cpp:40
1046bac0	Six	f32	6	`_DAT_1046bac0` = 6.0f; `CNPC_VBach::GatherAttackConditions 0x10363db0`, the shield duration	ElysiumNpcBach.cpp:558, ElysiumNpcBach.cpp:561
1047049c	HeadFilterKeep	f32	0.8	`_DAT_1047049c` = 0.8f; `CAI_BaseNPC::SetHeadDirection 0x1026af70`, the weight of the held head angle	ElysiumNpcBaseFacing.cpp:251, ElysiumNpcBaseFacing.cpp:270, ElysiumNpcBaseFacing.cpp:299
104704d0	SeventyTwo	f32	72	`_DAT_104704d0` = 72.0f; `CNPC_VBach::GatherAttackConditions 0x10363db0`, the weapon-switch distance split (COND 0x79 / 0x7a)	ElysiumNpcBach.cpp:577, ElysiumNpcBach.cpp:580
1047b868	RepeatedDamageFraction	f64	0.3	`FMUL double ptr` at `0x10266307`; `CAI_BaseNPC` repeated-damage fraction of `m_iMaxHealth`	ElysiumNpcBaseDamage2.cpp:39, ElysiumNpcBaseDamage2.cpp:41
1049954c	HeadFilterBlend	f32	0.19999999	`_DAT_1049954c` = 0.2f; `CAI_BaseNPC::SetHeadDirection 0x1026af70`, the weight of the target head angle	ElysiumNpcBaseFacing.cpp:252, ElysiumNpcBaseFacing.cpp:270, ElysiumNpcBaseFacing.cpp:299
10499560	UnreachableDistanceSquared	f32	14400	`_DAT_10499560` = 14400.0f; `CAI_BaseNPC::IsUnreachable 0x102741e0`, the squared 120-unit moved distance	ElysiumNpcBasePositions2.cpp:22, ElysiumNpcBasePositions2.cpp:37
10499568	FacingIdealTolerance	f64	0.006	`FCOMP double ptr [0x10499568]`; `CAI_BaseNPC::FacingIdeal 0x10278c80`, `|DeltaIdealYaw| <= 0.006` (the port compares at float width and keeps the equal bit its tests pin)	ElysiumNpcBaseFacing.cpp:381, ElysiumNpcBaseFacing.cpp:384
1049a17c	FollowRunDistance	f32	190	`_DAT_1049a17c` = 190.0f; slot 571 walk/run activity pick, ACT_WALK below it and ACT_RUN at or beyond	ElysiumNpcBaseHelpers.cpp:344, ElysiumNpcBaseHelpers.cpp:348, ElysiumNpcBaseHelpers.cpp:46
1049a180	MinusFortyFive	f32	-45	`_DAT_1049a180` = -45.0f; the turn-activity ladder ACT_TURN_RIGHT edge and the `UpdatePoseParameters` aim clamp low	ElysiumNpcAnim10.cpp:82, ElysiumNpcAnim10.cpp:84, ElysiumNpcBaseFacing.cpp:335, ElysiumNpcBaseFacing.cpp:349
1049a188	OneSixtyDouble	f64	160.0	`_DAT_1049a188` (`FCOMP double ptr`); the turn-activity ladder ACT_180_LEFT edge	ElysiumNpcBaseFacing.cpp:335, ElysiumNpcBaseFacing.cpp:345
1049a194	MinusHundred	f32	-100	`_DAT_1049a194` = -100.0f; the turn-activity ladder ACT_90_RIGHT lower edge	ElysiumNpcBaseFacing.cpp:334, ElysiumNpcBaseFacing.cpp:337
1049a198	MinusEighty	f32	-80	`_DAT_1049a198` = -80.0f; the turn-activity ladder ACT_90_RIGHT upper edge	ElysiumNpcBaseFacing.cpp:334, ElysiumNpcBaseFacing.cpp:337
1049ae9c	AimPitchBias	f32	7.5	`_DAT_1049ae9c` = 7.5f; `UpdatePoseParameters` aim pitch bias added before the clamp	ElysiumNpcAnim10.cpp:557, ElysiumNpcAnim10.cpp:78, ElysiumNpcAnim10.cpp:81
104a6f7c	AndreiTeleportRepeatDistance	f32	100	`_DAT_104a6f7c` = 100.0f; `CNPC_VAndreiBlood` `PositionClearForTeleport`, the distance from the last teleport position	ElysiumNpcAndreiBlood.cpp:204, ElysiumNpcAndreiBlood.cpp:272, ElysiumNpcAndreiBlood.cpp:50, ElysiumNpcAndreiBlood.h:57
104a9308	AsianJumpNearDistance	f32	30	`_DAT_104a9308` = 30.0f; `CNPC_VAsianVampire` jump-near test, `dist < 30`	ElysiumNpcAsianVampire.cpp:404, ElysiumNpcAsianVampire.cpp:47
104a9310	AsianJumpRise	f32	100	`_DAT_104a9310` = 100.0f; `CNPC_VAsianVampire::SetupJump 0x10361a70` rise	ElysiumNpcAsianVampire.cpp:373, ElysiumNpcAsianVampire.cpp:45
104a9314	AsianJumpScheduleDrop	f32	40	`_DAT_104a9314` = 40.0f; `CNPC_VAsianVampire` jump-down schedule pick, the player Z drop	ElysiumNpcAsianVampire.cpp:381, ElysiumNpcAsianVampire.cpp:46
104a9318	AsianStationaryTime	f32	3	`_DAT_104a9318` = 3.0f; `CNPC_VAsianVampire` stationary test, `3.0 <= curtime - m_fMovedTimeStamp`	ElysiumNpcAsianVampire.cpp:420, ElysiumNpcAsianVampire.cpp:48
104a931c	AsianMovedEpsilon	f32	40	`_DAT_104a931c` = 40.0f; `CNPC_VAsianVampire` moved test, exclusive	ElysiumNpcAsianVampire.cpp:428, ElysiumNpcAsianVampire.cpp:49
104a9320	AsianTeleportClearance	f32	150	`_DAT_104a9320` = 150.0f; `CNPC_VAsianVampire::PositionClearForTeleport` and `SelectLedgeNode 0x103615c0` clearance	ElysiumNpcAsianVampire.cpp:449, ElysiumNpcAsianVampire.cpp:50, ElysiumNpcAsianVampire.cpp:501, ElysiumNpcAsianVampire.cpp:55, ElysiumNpcAsianVampire.h:64
1062d200	BachTeleportDistance0	f32	768	`DAT_1062d200[0]`; `CNPC_VBach::GatherAttackConditions 0x10363db0` teleport distance for `m_iBachTeleportState` 0	ElysiumNpcBach.cpp:538, ElysiumNpcBach.cpp:545, ElysiumNpcBach.h:67, ElysiumNpcBach.h:69, ElysiumNpcBach.h:70, ElysiumNpcBach.h:71
1062d204	BachTeleportDistance1	f32	768	`DAT_1062d200[1]`; teleport distance for state 1	ElysiumNpcBach.cpp:545, ElysiumNpcBach.h:69, ElysiumNpcBach.h:70, ElysiumNpcBach.h:71
1062d208	BachTeleportDistance2	f32	384	`DAT_1062d200[2]`; teleport distance for state 2	ElysiumNpcBach.cpp:545, ElysiumNpcBach.h:69, ElysiumNpcBach.h:70, ElysiumNpcBach.h:71
1062d20c	BachTeleportDistance3	f32	384	`DAT_1062d200[3]`; teleport distance for state 3	ElysiumNpcBach.cpp:545, ElysiumNpcBach.h:69, ElysiumNpcBach.h:70, ElysiumNpcBach.h:71
10924af8	DebugAllowNonIdleAutoSk	convar_i32	1	`debug_allow_non_idle_auto_sk` read through `DAT_10924afc` (object + 4); the stealth-kill target state test at `0x102c2300`	ElysiumNpc.cpp:2337
