4	undispatched	no non-test call of GetBaseEntity( outside generated Slots/Shape files; 1 ledger row(s)
6	undispatched	no non-test call of SetCheckUntouch( outside generated Slots/Shape files; 1 ledger row(s)
8	undispatched	no non-test call of GetModelIndex( outside generated Slots/Shape files; 1 ledger row(s)
9	undispatched	no non-test call of GetModelName( outside generated Slots/Shape files; 1 ledger row(s)
23	undispatched	no non-test call of Slot23( outside generated Slots/Shape files; 1 ledger row(s)
32	undispatched	no non-test call of CanBeInteractiveUsed( outside generated Slots/Shape files; 1 ledger row(s)
33	undispatched	no non-test call of Slot33( outside generated Slots/Shape files; 1 ledger row(s)
36	undispatched	no non-test call of Slot36( outside generated Slots/Shape files; 1 ledger row(s)
37	undispatched	no non-test call of Slot37( outside generated Slots/Shape files; 1 ledger row(s)
40	undispatched	no non-test call of Slot40( outside generated Slots/Shape files; 1 ledger row(s)
41	undispatched	no non-test call of Slot41( outside generated Slots/Shape files; 1 ledger row(s)
43	undispatched	no non-test call of Slot43( outside generated Slots/Shape files; 1 ledger row(s)
44	undispatched	no non-test call of Slot44( outside generated Slots/Shape files; 1 ledger row(s)
46	undispatched	no non-test call of Slot46( outside generated Slots/Shape files; 1 ledger row(s)
47	undispatched	no non-test call of Slot47( outside generated Slots/Shape files; 1 ledger row(s)
55	undispatched	no non-test call of Slot55( outside generated Slots/Shape files; 2 ledger row(s)
57	undispatched	no non-test call of Slot57( outside generated Slots/Shape files; 2 ledger row(s)
58	undispatched	no non-test call of Slot58( outside generated Slots/Shape files; 2 ledger row(s)
72	dispatched	Slot72( called at ElysiumDisciplines.cpp:436 (1 call sites, non-test); 1 ledger rows
80	undispatched	no non-test call of GetServerClass( outside generated Slots/Shape files; 1 ledger row(s)
81	undispatched	no non-test call of YouForgotToImplementOrDeclareServerClass( outside generated Slots/Shape files; 3 ledger row(s)
101	undispatched	no non-test call of ComputeWorldSpaceSurroundingBox( outside generated Slots/Shape files; 1 ledger row(s)
112	undispatched	no non-test call of Slot112( outside generated Slots/Shape files; 1 ledger row(s)
115	undispatched	no non-test call of Slot115( outside generated Slots/Shape files; 1 ledger row(s)
123	undispatched	no non-test call of DrawDebugGeometryOverlays( outside generated Slots/Shape files; 1 ledger row(s)
128	undispatched	no non-test call of ShouldSavePhysics( outside generated Slots/Shape files; 1 ledger row(s)
131	undispatched	no non-test call of RequiredEdictIndex( outside generated Slots/Shape files; 1 ledger row(s)
132	undispatched	no non-test call of Slot132( outside generated Slots/Shape files; 1 ledger row(s)
135	undispatched	no non-test call of Slot135( outside generated Slots/Shape files; 1 ledger row(s)
136	undispatched	no non-test call of Slot136( outside generated Slots/Shape files; 2 ledger row(s)
137	undispatched	no non-test call of GetBaseAnimating( outside generated Slots/Shape files; 1 ledger row(s)
147	undispatched	no non-test call of IsTriggered( outside generated Slots/Shape files; 1 ledger row(s)
148	undispatched	no non-test call of AddPoints( outside generated Slots/Shape files; 1 ledger row(s)
149	undispatched	no non-test call of AddPointsToTeam( outside generated Slots/Shape files; 1 ledger row(s)
150	undispatched	no non-test call of AddPlayerItem( outside generated Slots/Shape files; 1 ledger row(s)
151	undispatched	no non-test call of RemovePlayerItem( outside generated Slots/Shape files; 1 ledger row(s)
152	undispatched	no non-test call of GetDelay( outside generated Slots/Shape files; 1 ledger row(s)
156	undispatched	no non-test call of Slot156( outside generated Slots/Shape files; 1 ledger row(s)
157	undispatched	no non-test call of OnControls( outside generated Slots/Shape files; 1 ledger row(s)
162	undispatched	no non-test call of IsPlayer( outside generated Slots/Shape files; 1 ledger row(s)
169	undispatched	no non-test call of ViewPunch( outside generated Slots/Shape files; 1 ledger row(s)
170	undispatched	no non-test call of VelocityPunch( outside generated Slots/Shape files; 1 ledger row(s)
179	undispatched	no non-test call of EndBlocked( outside generated Slots/Shape files; 1 ledger row(s)
182	undispatched	no non-test call of Slot182( outside generated Slots/Shape files; 1 ledger row(s)
183	undispatched	no non-test call of NotifySystemEvent( outside generated Slots/Shape files; 1 ledger row(s)
187	undispatched	no non-test call of Respawn( outside generated Slots/Shape files; 1 ledger row(s)
188	undispatched	no non-test call of IsLockedByMaster( outside generated Slots/Shape files; 1 ledger row(s)
190	undispatched	no non-test call of GetDamage( outside generated Slots/Shape files; 1 ledger row(s)
191	undispatched	no non-test call of SetDamage( outside generated Slots/Shape files; 1 ledger row(s)
205	undispatched	no non-test call of Slot205( outside generated Slots/Shape files; 1 ledger row(s)
206	undispatched	no non-test call of Slot206( outside generated Slots/Shape files; 1 ledger row(s)
223	dispatched	CreateVPhysics( called at ElysiumNpcBaseSpawn.cpp:240 (2 call sites, non-test); 1 ledger rows
224	undispatched	no non-test call of ForceVPhysicsCollide( outside generated Slots/Shape files; 1 ledger row(s)
235	undispatched	no non-test call of OnPhysGunPickup( outside generated Slots/Shape files; 1 ledger row(s)
236	undispatched	no non-test call of OnPhysGunDrop( outside generated Slots/Shape files; 1 ledger row(s)
240	undispatched	no non-test call of Slot240( outside generated Slots/Shape files; 1 ledger row(s)
305	undispatched	no non-test call of RemoveBaseFightingItems( outside generated Slots/Shape files; 1 ledger row(s)
317	undispatched	no non-test call of Slot317( outside generated Slots/Shape files; 1 ledger row(s)
318	undispatched	no non-test call of PlayerDefenderBlockReaction( outside generated Slots/Shape files; 1 ledger row(s)
319	undispatched	no non-test call of PlayerAttackerBlockedReaction( outside generated Slots/Shape files; 1 ledger row(s)
321	undispatched	no non-test call of Slot321( outside generated Slots/Shape files; 1 ledger row(s)
327	dispatched	Slot327( called at ElysiumNpcBaseHelpers.cpp:94 (2 call sites, non-test); 1 ledger rows
361	undispatched	no non-test call of Slot361( outside generated Slots/Shape files; 1 ledger row(s)
362	undispatched	only the other overload of FInViewCone has callers (entity/vector split); no call of this slot; 2 ledger row(s)
364	dispatched	FInAimCone( called at ElysiumNpcBaseRunTask.cpp:334 (9 call sites, non-test); 1 ledger rows
365	undispatched	only the other overload of FInAimCone has callers (entity/vector split); no call of this slot; 3 ledger row(s)
366	undispatched	no non-test call of HandleInteraction( outside generated Slots/Shape files; 3 ledger row(s)
377	undispatched	no non-test call of Slot377( outside generated Slots/Shape files; 1 ledger row(s)
390	dispatched	OnTakeDamage_Alive( called at ElysiumCombatCharacter.cpp:1335 (5 call sites, non-test); 1 ledger rows
409	undispatched	no non-test call of GetLastSharedCondition( outside generated Slots/Shape files; 4 ledger row(s)
411	undispatched	no non-test call of Slot411( outside generated Slots/Shape files; 1 ledger row(s)
417	undispatched	no non-test call of GetForceFrequentThink( outside generated Slots/Shape files; 1 ledger row(s)
421	dispatched	PostNPCInit( called at ElysiumNpcBaseLifecycle2.cpp:57 (1 call sites, non-test); 2 ledger rows
434	dispatched	PrescheduleThink( called at ElysiumNpcBaseRunAi.cpp:75 (1 call sites, non-test); 3 ledger rows
436	dispatched	OnStartSchedule( called at ElysiumNpcMaintain.cpp:397 (1 call sites, non-test); 1 ledger rows
451	undispatched	no non-test call of GetSchedulingErrorName( outside generated Slots/Shape files; 40 ledger row(s)
452	undispatched	no non-test call of LoadedSchedules( outside generated Slots/Shape files; 32 ledger row(s)
454	undispatched	no non-test call of GetRunningBehavior( outside generated Slots/Shape files; 1 ledger row(s)
455	undispatched	no non-test call of OnBehaviorChangeStatus( outside generated Slots/Shape files; 1 ledger row(s)
456	undispatched	no non-test call of AccessBehaviors( outside generated Slots/Shape files; 1 ledger row(s)
457	undispatched	no non-test call of NumBehaviors( outside generated Slots/Shape files; 1 ledger row(s)
473	undispatched	no non-test call of GetSoundInterests( outside generated Slots/Shape files; 2 ledger row(s)
496	undispatched	no non-test call of TargetAcquiredSound( outside generated Slots/Shape files; 4 ledger row(s)
497	undispatched	no non-test call of Slot497( outside generated Slots/Shape files; 4 ledger row(s)
501	undispatched	no non-test call of ExertLightSound( outside generated Slots/Shape files; 1 ledger row(s)
502	undispatched	no non-test call of RiledSound( outside generated Slots/Shape files; 1 ledger row(s)
505	undispatched	no non-test call of TargetGiveUpSound( outside generated Slots/Shape files; 1 ledger row(s)
506	undispatched	no non-test call of Slot506( outside generated Slots/Shape files; 1 ledger row(s)
508	dispatched	SpeakSentence( called at ElysiumNpcBaseStartTask.cpp:1289 (1 call sites, non-test); 1 ledger rows
512	undispatched	no non-test call of GetExpresser( outside generated Slots/Shape files; 1 ledger row(s)
514	undispatched	no non-test call of MovementCost( outside generated Slots/Shape files; 1 ledger row(s)
535	undispatched	no non-test call of AddLookTarget( outside generated Slots/Shape files; 1 ledger row(s)
536	undispatched	no non-test call of AddLookTarget( outside generated Slots/Shape files; 1 ledger row(s)
551	dispatched	OnChangeHintGroup( called at ElysiumNpcBaseHints.cpp:224 (1 call sites, non-test); 1 ledger rows
557	undispatched	no non-test call of OnBeginMoveAndShoot( outside generated Slots/Shape files; 1 ledger row(s)
558	undispatched	no non-test call of OnEndMoveAndShoot( outside generated Slots/Shape files; 1 ledger row(s)
565	dispatched	CheckAmmo( called at ElysiumNpcBaseConditions2.cpp:267 (1 call sites, non-test); 1 ledger rows
578	undispatched	no non-test call of NotifyDeadFriend( outside generated Slots/Shape files; 1 ledger row(s)
