# The live rules the port does not carry yet (`kernel_shape --unported`); the set must only fall. Story 8's forwarding overrides and hand-owned spine stubs read as carried here; story 8's progress pin is story8-forwarding.tsv.
class	slot	address	verdict	kind	port_class
CAI_BaseNPC	333	0x1026b810	present	stub	FElysiumNpcBase
CAI_BaseNPC	375	0x10271f50	present	stub	FElysiumNpcBase
CAI_BaseNPC	376	0x10271f70	present	stub	FElysiumNpcBase
CAI_BaseNPC	463	0x1026e3e0	present	stub	FElysiumNpcBase
CAI_BaseNPC	466	0x10272790	rule	stub	FElysiumNpcBase
CAI_BaseNPC	469	0x1026a2c0	rule	stub	FElysiumNpcBase
CAI_BaseNPC	470	0x1026a5e0	present	stub	FElysiumNpcBase
CAI_BaseNPC	531	0x1027dc80	rule	stub	FElysiumNpcBase
CAI_BaseNPC	533	0x10274db0	rule	stub	FElysiumNpcBase
CAI_BaseNPC	563	0x10289f20	rule	stub	FElysiumNpcBase
CAI_BaseNPC	564	0x10270840	rule	stub	FElysiumNpcBase
CAI_BaseNPC	569	0x10274aa0	present	stub	FElysiumNpcBase
CAI_BaseNPC	570	0x10274820	present	stub	FElysiumNpcBase
CAI_BaseNPC	572	0x10289d10	rule	stub	FElysiumNpcBase
CAI_BaseNPC	575	0x10278c60	rule	stub	FElysiumNpcBase
CBaseCombatCharacter	326	0x103482e0	present	stub	FElysiumCombatCharacter
CBaseCombatCharacter	388	0x1032dde0	rule	stub	FElysiumCombatCharacter
CBaseEntity	110	0x1009e430	rule	stub	FElysiumEntity
CBaseEntity	167	0x10027000	rule	stub	FElysiumEntity
CBaseEntity	168	0x10027020	rule	stub	FElysiumEntity
CNPC_ProneDialog	138	0x103871a0	rule	no-override	FElysiumNpcProneDialog
CNPC_ProneDialog	376	0x103858b0	present	no-override	FElysiumNpcProneDialog
CNPC_ProneDialog	434	0x10385a30	rule	no-override	FElysiumNpcProneDialog
CNPC_ProneDialog	473	0x10387180	rule	no-override	FElysiumNpcProneDialog
CNPC_ProneDialog	580	0x10386ae0	rule	no-override	FElysiumNpcProneDialog
CNPC_VAndreiBlood	127	0x1035cf80	mechanism	no-override	FElysiumNpcAndreiBlood
CNPC_VAndreiBlood	138	0x103c4f20	rule	no-override	FElysiumNpcAndreiBlood
CNPC_VAndreiBlood	376	0x103858b0	present	no-override	FElysiumNpcAndreiBlood
CNPC_VAndreiBlood	378	0x1035c190	rule	no-override	FElysiumNpcAndreiBlood
CNPC_VAndreiBlood	434	0x10385a30	rule	no-override	FElysiumNpcAndreiBlood
CNPC_VAndreiBlood	473	0x103846e0	rule	no-override	FElysiumNpcAndreiBlood
CNPC_VAndreiBlood	525	0x103c5fe0	rule	no-override	FElysiumNpcAndreiBlood
CNPC_VAndreiBlood	580	0x1035c230	rule	no-override	FElysiumNpcAndreiBlood
CNPC_VAnimal	138	0x1035f560	rule	no-override	FElysiumNpcAnimal
CNPC_VAnimal	366	0x103601e0	rule	no-override	FElysiumNpcAnimal
CNPC_VAnimal	434	0x10360180	rule	no-override	FElysiumNpcAnimal
CNPC_VAnimal	473	0x1035f540	present	no-override	FElysiumNpcAnimal
CNPC_VAnimal	580	0x1035ec10	rule	no-override	FElysiumNpcAnimal
CNPC_VAnimal	587	0x1035ebf0	rule	no-override	FElysiumNpcAnimal
CNPC_VAsianVampire	127	0x10360e10	mechanism	no-override	FElysiumNpcAsianVampire
CNPC_VAsianVampire	138	0x103c4f20	rule	no-override	FElysiumNpcAsianVampire
CNPC_VAsianVampire	376	0x103858b0	present	no-override	FElysiumNpcAsianVampire
CNPC_VAsianVampire	378	0x1035c190	rule	no-override	FElysiumNpcAsianVampire
CNPC_VAsianVampire	434	0x10385a30	rule	no-override	FElysiumNpcAsianVampire
CNPC_VAsianVampire	473	0x103846e0	rule	no-override	FElysiumNpcAsianVampire
CNPC_VAsianVampire	525	0x103c5fe0	rule	no-override	FElysiumNpcAsianVampire
CNPC_VAsianVampire	580	0x103603d0	rule	no-override	FElysiumNpcAsianVampire
CNPC_VBach	138	0x10363990	rule	no-override	FElysiumNpcBach
CNPC_VBach	376	0x103858b0	present	no-override	FElysiumNpcBach
CNPC_VBach	434	0x10385a30	rule	no-override	FElysiumNpcBach
CNPC_VBach	473	0x10363970	rule	no-override	FElysiumNpcBach
CNPC_VBach	553	0x10364500	rule	no-override	FElysiumNpcBach
CNPC_VBach	580	0x10362c50	rule	no-override	FElysiumNpcBach
CNPC_VBaseBoss	304	0x10390fd0	rule	no-override	FElysiumNpcBaseBoss
CNPC_VBaseBoss	587	0x10391010	rule	no-override	FElysiumNpcBaseBoss
CNPC_VBaseBoss	617	0x10366510	rule	no-override	FElysiumNpcBaseBoss
CNPC_VBrujah	138	0x10367f00	rule	no-override	FElysiumNpcBrujah
CNPC_VBrujah	376	0x103858b0	present	no-override	FElysiumNpcBrujah
CNPC_VBrujah	434	0x10385a30	rule	no-override	FElysiumNpcBrujah
CNPC_VBrujah	473	0x103846e0	rule	no-override	FElysiumNpcBrujah
CNPC_VBrujah	580	0x10367870	rule	no-override	FElysiumNpcBrujah
CNPC_VCamera	72	0x10368390	rule	no-override	FElysiumNpcCamera
CNPC_VCamera	138	0x10368e60	rule	no-override	FElysiumNpcCamera
CNPC_VCamera	375	0x103690a0	present	no-override	FElysiumNpcCamera
CNPC_VCamera	376	0x103690c0	present	no-override	FElysiumNpcCamera
CNPC_VCamera	473	0x103692a0	present	no-override	FElysiumNpcCamera
CNPC_VCamera	482	0x10368f60	rule	no-override	FElysiumNpcCamera
CNPC_VCamera	509	0x10368350	rule	no-override	FElysiumNpcCamera
CNPC_VCamera	510	0x10368370	rule	no-override	FElysiumNpcCamera
CNPC_VCamera	564	0x10368f00	rule	no-override	FElysiumNpcCamera
CNPC_VCamera	580	0x103683b0	rule	no-override	FElysiumNpcCamera
CNPC_VCameraSecurity	72	0x10368390	rule	no-override	FElysiumNpcCameraSecurity
CNPC_VCameraSecurity	138	0x10368e60	rule	no-override	FElysiumNpcCameraSecurity
CNPC_VCameraSecurity	363	0x10369fb0	rule	no-override	FElysiumNpcCameraSecurity
CNPC_VCameraSecurity	375	0x103690a0	present	no-override	FElysiumNpcCameraSecurity
CNPC_VCameraSecurity	376	0x103690c0	present	no-override	FElysiumNpcCameraSecurity
CNPC_VCameraSecurity	473	0x103692a0	present	no-override	FElysiumNpcCameraSecurity
CNPC_VCameraSecurity	482	0x10368f60	rule	no-override	FElysiumNpcCameraSecurity
CNPC_VCameraSecurity	509	0x10368350	rule	no-override	FElysiumNpcCameraSecurity
CNPC_VCameraSecurity	510	0x10368370	rule	no-override	FElysiumNpcCameraSecurity
CNPC_VCameraSecurity	564	0x10368f00	rule	no-override	FElysiumNpcCameraSecurity
CNPC_VCameraSecurity	580	0x103683b0	rule	no-override	FElysiumNpcCameraSecurity
CNPC_VChangBros	127	0x1036b170	mechanism	no-override	FElysiumNpcChangBros
CNPC_VChangBros	138	0x1036a190	rule	no-override	FElysiumNpcChangBros
CNPC_VChangBros	376	0x103858b0	present	no-override	FElysiumNpcChangBros
CNPC_VChangBros	378	0x1035c190	rule	no-override	FElysiumNpcChangBros
CNPC_VChangBros	434	0x10385a30	rule	no-override	FElysiumNpcChangBros
CNPC_VChangBros	473	0x103846e0	rule	no-override	FElysiumNpcChangBros
CNPC_VChangBros	525	0x103c5fe0	rule	no-override	FElysiumNpcChangBros
CNPC_VChangBros	530	0x1036e6f0	rule	no-override	FElysiumNpcChangBros
CNPC_VChangBros	580	0x1036a1b0	rule	no-override	FElysiumNpcChangBros
CNPC_VChangBrosBlade	127	0x1036b170	mechanism	no-override	FElysiumNpcChangBrosBlade
CNPC_VChangBrosBlade	138	0x1036a190	rule	no-override	FElysiumNpcChangBrosBlade
CNPC_VChangBrosBlade	376	0x103858b0	present	no-override	FElysiumNpcChangBrosBlade
CNPC_VChangBrosBlade	378	0x1035c190	rule	no-override	FElysiumNpcChangBrosBlade
CNPC_VChangBrosBlade	434	0x10385a30	rule	no-override	FElysiumNpcChangBrosBlade
CNPC_VChangBrosBlade	473	0x103846e0	rule	no-override	FElysiumNpcChangBrosBlade
CNPC_VChangBrosBlade	525	0x103c5fe0	rule	no-override	FElysiumNpcChangBrosBlade
CNPC_VChangBrosBlade	530	0x1036e6f0	rule	no-override	FElysiumNpcChangBrosBlade
CNPC_VChangBrosBlade	580	0x1036eab0	rule	no-override	FElysiumNpcChangBrosBlade
CNPC_VChangBrosClaw	127	0x1036b170	mechanism	no-override	FElysiumNpcChangBrosClaw
CNPC_VChangBrosClaw	138	0x1036a190	rule	no-override	FElysiumNpcChangBrosClaw
CNPC_VChangBrosClaw	376	0x103858b0	present	no-override	FElysiumNpcChangBrosClaw
CNPC_VChangBrosClaw	378	0x1035c190	rule	no-override	FElysiumNpcChangBrosClaw
CNPC_VChangBrosClaw	434	0x10385a30	rule	no-override	FElysiumNpcChangBrosClaw
CNPC_VChangBrosClaw	473	0x103846e0	rule	no-override	FElysiumNpcChangBrosClaw
CNPC_VChangBrosClaw	525	0x103c5fe0	rule	no-override	FElysiumNpcChangBrosClaw
CNPC_VChangBrosClaw	530	0x1036e6f0	rule	no-override	FElysiumNpcChangBrosClaw
CNPC_VChangBrosClaw	580	0x1036f2b0	rule	no-override	FElysiumNpcChangBrosClaw
CNPC_VCop	138	0x10371b50	rule	no-override	FElysiumNpcCop
CNPC_VCop	376	0x103858b0	present	no-override	FElysiumNpcCop
CNPC_VCop	434	0x10385a30	rule	no-override	FElysiumNpcCop
CNPC_VCop	473	0x10387180	rule	no-override	FElysiumNpcCop
CNPC_VCop	580	0x10370930	rule	no-override	FElysiumNpcCop
CNPC_VDog	138	0x10374080	rule	no-override	FElysiumNpcDog
CNPC_VDog	366	0x103601e0	rule	no-override	FElysiumNpcDog
CNPC_VDog	434	0x10360180	rule	no-override	FElysiumNpcDog
CNPC_VDog	473	0x1035f540	present	no-override	FElysiumNpcDog
CNPC_VDog	580	0x10373530	rule	no-override	FElysiumNpcDog
CNPC_VDog	587	0x1035ebf0	rule	no-override	FElysiumNpcDog
CNPC_VFrenzyShadow	376	0x103858b0	present	no-override	FElysiumNpcFrenzyShadow
CNPC_VFrenzyShadow	434	0x10385a30	rule	no-override	FElysiumNpcFrenzyShadow
CNPC_VFrenzyShadow	473	0x103846e0	rule	no-override	FElysiumNpcFrenzyShadow
CNPC_VFrenzyShadow	580	0x10375240	rule	no-override	FElysiumNpcFrenzyShadow
CNPC_VGargoyle	70	0x10379470	rule	no-override	FElysiumNpcGargoyle
CNPC_VGargoyle	74	0x1037a610	rule	no-override	FElysiumNpcGargoyle
CNPC_VGargoyle	138	0x10378660	rule	no-override	FElysiumNpcGargoyle
CNPC_VGargoyle	175	0x1037a270	rule	no-override	FElysiumNpcGargoyle
CNPC_VGargoyle	292	0x10378cb0	rule	no-override	FElysiumNpcGargoyle
CNPC_VGargoyle	359	0x1037a5f0	rule	no-override	FElysiumNpcGargoyle
CNPC_VGargoyle	376	0x103858b0	present	no-override	FElysiumNpcGargoyle
CNPC_VGargoyle	378	0x10377b00	rule	no-override	FElysiumNpcGargoyle
CNPC_VGargoyle	434	0x10385a30	rule	no-override	FElysiumNpcGargoyle
CNPC_VGargoyle	473	0x10378640	rule	no-override	FElysiumNpcGargoyle
CNPC_VGargoyle	580	0x10377b20	rule	no-override	FElysiumNpcGargoyle
CNPC_VGargoyle	615	0x10377ae0	rule	no-override	FElysiumNpcGargoyle
CNPC_VGhoulCroucher	138	0x103871a0	rule	no-override	FElysiumNpcGhoulCroucher
CNPC_VGhoulCroucher	174	0x1037bf60	rule	no-override	FElysiumNpcGhoulCroucher
CNPC_VGhoulCroucher	294	0x1037bbc0	present	no-override	FElysiumNpcGhoulCroucher
CNPC_VGhoulCroucher	376	0x103858b0	present	no-override	FElysiumNpcGhoulCroucher
CNPC_VGhoulCroucher	434	0x10385a30	rule	no-override	FElysiumNpcGhoulCroucher
CNPC_VGhoulCroucher	473	0x10387180	rule	no-override	FElysiumNpcGhoulCroucher
CNPC_VGhoulCroucher	580	0x1037afb0	rule	no-override	FElysiumNpcGhoulCroucher
CNPC_VGuard1	138	0x1037cdd0	rule	no-override	FElysiumNpcGuard1
CNPC_VGuard1	376	0x103858b0	present	no-override	FElysiumNpcGuard1
CNPC_VGuard1	434	0x10385a30	rule	no-override	FElysiumNpcGuard1
CNPC_VGuard1	473	0x103846e0	rule	no-override	FElysiumNpcGuard1
CNPC_VGuard1	580	0x1037c660	rule	no-override	FElysiumNpcGuard1
CNPC_VHengeyokai	70	0x10380f70	rule	no-override	FElysiumNpcHengeyokai
CNPC_VHengeyokai	74	0x10383540	rule	no-override	FElysiumNpcHengeyokai
CNPC_VHengeyokai	138	0x1037fb00	rule	no-override	FElysiumNpcHengeyokai
CNPC_VHengeyokai	292	0x103802a0	rule	no-override	FElysiumNpcHengeyokai
CNPC_VHengeyokai	376	0x103858b0	present	no-override	FElysiumNpcHengeyokai
CNPC_VHengeyokai	378	0x1037e810	rule	no-override	FElysiumNpcHengeyokai
CNPC_VHengeyokai	434	0x10385a30	rule	no-override	FElysiumNpcHengeyokai
CNPC_VHengeyokai	473	0x1037fae0	rule	no-override	FElysiumNpcHengeyokai
CNPC_VHengeyokai	580	0x1037e830	rule	no-override	FElysiumNpcHengeyokai
CNPC_VHengeyokai	615	0x1037e7f0	rule	no-override	FElysiumNpcHengeyokai
CNPC_VHuman	138	0x10384700	rule	no-override	FElysiumNpcHuman
CNPC_VHuman	376	0x103858b0	present	no-override	FElysiumNpcHuman
CNPC_VHuman	434	0x10385a30	rule	no-override	FElysiumNpcHuman
CNPC_VHuman	473	0x103846e0	rule	no-override	FElysiumNpcHuman
CNPC_VHuman	580	0x10384060	rule	no-override	FElysiumNpcHuman
CNPC_VHumanCombatPatrol	138	0x103871a0	rule	no-override	FElysiumNpcHumanCombatPatrol
CNPC_VHumanCombatPatrol	376	0x103858b0	present	no-override	FElysiumNpcHumanCombatPatrol
CNPC_VHumanCombatPatrol	434	0x10385a30	rule	no-override	FElysiumNpcHumanCombatPatrol
CNPC_VHumanCombatPatrol	473	0x10387180	rule	no-override	FElysiumNpcHumanCombatPatrol
CNPC_VHumanCombatPatrol	580	0x10387710	rule	no-override	FElysiumNpcHumanCombatPatrol
CNPC_VHumanCombatant	138	0x103871a0	rule	no-override	FElysiumNpcHumanCombatant
CNPC_VHumanCombatant	376	0x103858b0	present	no-override	FElysiumNpcHumanCombatant
CNPC_VHumanCombatant	434	0x10385a30	rule	no-override	FElysiumNpcHumanCombatant
CNPC_VHumanCombatant	473	0x10387180	rule	no-override	FElysiumNpcHumanCombatant
CNPC_VHumanCombatant	580	0x10386ae0	rule	no-override	FElysiumNpcHumanCombatant
CNPC_VHunter	138	0x10388820	rule	no-override	FElysiumNpcHunter
CNPC_VHunter	376	0x103858b0	present	no-override	FElysiumNpcHunter
CNPC_VHunter	434	0x10385a30	rule	no-override	FElysiumNpcHunter
CNPC_VHunter	473	0x10387180	rule	no-override	FElysiumNpcHunter
CNPC_VHunter	580	0x10388060	rule	no-override	FElysiumNpcHunter
CNPC_VLasombra	138	0x103c4f20	rule	no-override	FElysiumNpcLasombra
CNPC_VLasombra	376	0x103858b0	present	no-override	FElysiumNpcLasombra
CNPC_VLasombra	434	0x10385a30	rule	no-override	FElysiumNpcLasombra
CNPC_VLasombra	473	0x103846e0	rule	no-override	FElysiumNpcLasombra
CNPC_VLasombra	580	0x10388de0	rule	no-override	FElysiumNpcLasombra
CNPC_VManBat	138	0x1038b0e0	rule	no-override	FElysiumNpcManBat
CNPC_VManBat	376	0x103858b0	present	no-override	FElysiumNpcManBat
CNPC_VManBat	434	0x10385a30	rule	no-override	FElysiumNpcManBat
CNPC_VManBat	464	0x1038fb00	rule	no-override	FElysiumNpcManBat
CNPC_VManBat	473	0x103846e0	rule	no-override	FElysiumNpcManBat
CNPC_VManBat	580	0x10389db0	rule	no-override	FElysiumNpcManBat
CNPC_VMingXiao	70	0x10396fb0	rule	no-override	FElysiumNpcMingXiao
CNPC_VMingXiao	100	0x10399fe0	rule	no-override	FElysiumNpcMingXiao
CNPC_VMingXiao	138	0x103929f0	rule	no-override	FElysiumNpcMingXiao
CNPC_VMingXiao	304	0x10390fd0	rule	no-override	FElysiumNpcMingXiao
CNPC_VMingXiao	376	0x10394690	present	no-override	FElysiumNpcMingXiao
CNPC_VMingXiao	580	0x10391070	rule	no-override	FElysiumNpcMingXiao
CNPC_VMingXiao	587	0x10391010	rule	no-override	FElysiumNpcMingXiao
CNPC_VMingXiao	599	0x10395dc0	present	no-override	FElysiumNpcMingXiao
CNPC_VMingXiao	600	0x10395df0	present	no-override	FElysiumNpcMingXiao
CNPC_VMingXiao	601	0x10395e20	present	no-override	FElysiumNpcMingXiao
CNPC_VMingXiao	617	0x10366510	rule	no-override	FElysiumNpcMingXiao
CNPC_VMingXiaoTentacle	70	0x1039eb30	rule	no-override	FElysiumNpcMingXiaoTentacle
CNPC_VMingXiaoTentacle	138	0x1039c460	rule	no-override	FElysiumNpcMingXiaoTentacle
CNPC_VMingXiaoTentacle	580	0x1039b090	rule	no-override	FElysiumNpcMingXiaoTentacle
CNPC_VMingXiaoTentacle	599	0x1039ea80	present	no-override	FElysiumNpcMingXiaoTentacle
CNPC_VMingXiaoTentacle	600	0x1039eab0	present	no-override	FElysiumNpcMingXiaoTentacle
CNPC_VMingXiaoTentacle	601	0x1039eae0	present	no-override	FElysiumNpcMingXiaoTentacle
CNPC_VNewscaster	72	0x103a0250	rule	no-override	FElysiumNpcNewscaster
CNPC_VNewscaster	138	0x103a0500	rule	no-override	FElysiumNpcNewscaster
CNPC_VNewscaster	363	0x103a0130	rule	no-override	FElysiumNpcNewscaster
CNPC_VNewscaster	364	0x103a0190	rule	no-override	FElysiumNpcNewscaster
CNPC_VNewscaster	378	0x103a0230	rule	no-override	FElysiumNpcNewscaster
CNPC_VNewscaster	473	0x103a01f0	rule	no-override	FElysiumNpcNewscaster
CNPC_VNewscaster	488	0x1039fff0	rule	no-override	FElysiumNpcNewscaster
CNPC_VNewscaster	489	0x103a0010	rule	no-override	FElysiumNpcNewscaster
CNPC_VNewscaster	490	0x103a0030	rule	no-override	FElysiumNpcNewscaster
CNPC_VNewscaster	491	0x103a0050	rule	no-override	FElysiumNpcNewscaster
CNPC_VNewscaster	492	0x103a0070	rule	no-override	FElysiumNpcNewscaster
CNPC_VNewscaster	493	0x103a0090	rule	no-override	FElysiumNpcNewscaster
CNPC_VNewscaster	494	0x103a00b0	rule	no-override	FElysiumNpcNewscaster
CNPC_VNewscaster	495	0x103a00d0	rule	no-override	FElysiumNpcNewscaster
CNPC_VNewscaster	587	0x103a01d0	rule	no-override	FElysiumNpcNewscaster
CNPC_VPedestrian	138	0x103a2910	rule	no-override	FElysiumNpcPedestrian
CNPC_VPedestrian	301	0x103a38c0	rule	no-override	FElysiumNpcPedestrian
CNPC_VPedestrian	376	0x103858b0	present	no-override	FElysiumNpcPedestrian
CNPC_VPedestrian	434	0x10385a30	rule	no-override	FElysiumNpcPedestrian
CNPC_VPedestrian	473	0x103a28f0	present	no-override	FElysiumNpcPedestrian
CNPC_VPedestrian	550	0x103a1de0	rule	no-override	FElysiumNpcPedestrian
CNPC_VPedestrian	580	0x103a1e00	rule	no-override	FElysiumNpcPedestrian
CNPC_VPlaceholder	72	0x103a4240	rule	no-override	FElysiumNpcPlaceholder
CNPC_VPlaceholder	138	0x103a4120	rule	no-override	FElysiumNpcPlaceholder
CNPC_VPlaceholder	316	0x103a4140	rule	no-override	FElysiumNpcPlaceholder
CNPC_VPlaceholder	320	0x103a41c0	rule	no-override	FElysiumNpcPlaceholder
CNPC_VPlaceholder	330	0x103a4200	rule	no-override	FElysiumNpcPlaceholder
CNPC_VPlaceholder	363	0x103a4260	rule	no-override	FElysiumNpcPlaceholder
CNPC_VPlaceholder	364	0x103a42c0	rule	no-override	FElysiumNpcPlaceholder
CNPC_VPlaceholder	378	0x103a4100	rule	no-override	FElysiumNpcPlaceholder
CNPC_VPlaceholder	580	0x103a42e0	rule	no-override	FElysiumNpcPlaceholder
CNPC_VPlaceholder	587	0x103a4220	rule	no-override	FElysiumNpcPlaceholder
CNPC_VPlaceholder	590	0x103a41e0	rule	no-override	FElysiumNpcPlaceholder
CNPC_VPlayerController	376	0x103858b0	present	no-override	FElysiumNpcPlayerController
CNPC_VPlayerController	434	0x10385a30	rule	no-override	FElysiumNpcPlayerController
CNPC_VPlayerController	473	0x103846e0	rule	no-override	FElysiumNpcPlayerController
CNPC_VPlayerController	580	0x103750e0	rule	no-override	FElysiumNpcPlayerController
CNPC_VRat	138	0x103ad660	rule	no-override	FElysiumNpcRat
CNPC_VRat	294	0x103ad680	rule	no-override	FElysiumNpcRat
CNPC_VRat	295	0x103ad7b0	rule	no-override	FElysiumNpcRat
CNPC_VRat	316	0x103ad850	rule	no-override	FElysiumNpcRat
CNPC_VRat	317	0x103ad870	rule	no-override	FElysiumNpcRat
CNPC_VRat	318	0x103ad890	rule	no-override	FElysiumNpcRat
CNPC_VRat	319	0x103ad8b0	rule	no-override	FElysiumNpcRat
CNPC_VRat	320	0x103ad8d0	rule	no-override	FElysiumNpcRat
CNPC_VRat	330	0x103ad910	rule	no-override	FElysiumNpcRat
CNPC_VRat	366	0x103601e0	rule	no-override	FElysiumNpcRat
CNPC_VRat	434	0x10360180	rule	no-override	FElysiumNpcRat
CNPC_VRat	471	0x103aca60	rule	no-override	FElysiumNpcRat
CNPC_VRat	473	0x1035f540	present	no-override	FElysiumNpcRat
CNPC_VRat	580	0x103abba0	rule	no-override	FElysiumNpcRat
CNPC_VRat	587	0x1035ebf0	rule	no-override	FElysiumNpcRat
CNPC_VRat	590	0x103ad8f0	rule	no-override	FElysiumNpcRat
CNPC_VRat	615	0x103ad790	rule	no-override	FElysiumNpcRat
CNPC_VSabbatGunman	138	0x103871a0	rule	no-override	FElysiumNpcSabbatGunman
CNPC_VSabbatGunman	376	0x103858b0	present	no-override	FElysiumNpcSabbatGunman
CNPC_VSabbatGunman	434	0x10385a30	rule	no-override	FElysiumNpcSabbatGunman
CNPC_VSabbatGunman	473	0x10387180	rule	no-override	FElysiumNpcSabbatGunman
CNPC_VSabbatGunman	580	0x103a50a0	rule	no-override	FElysiumNpcSabbatGunman
CNPC_VSabbatLeader	70	0x103a5c80	rule	no-override	FElysiumNpcSabbatLeader
CNPC_VSabbatLeader	127	0x103a6e80	mechanism	no-override	FElysiumNpcSabbatLeader
CNPC_VSabbatLeader	138	0x103a6ef0	rule	no-override	FElysiumNpcSabbatLeader
CNPC_VSabbatLeader	376	0x103858b0	present	no-override	FElysiumNpcSabbatLeader
CNPC_VSabbatLeader	378	0x1035c190	rule	no-override	FElysiumNpcSabbatLeader
CNPC_VSabbatLeader	463	0x103a6f70	present	no-override	FElysiumNpcSabbatLeader
CNPC_VSabbatLeader	473	0x103846e0	rule	no-override	FElysiumNpcSabbatLeader
CNPC_VSabbatLeader	525	0x103c5fe0	rule	no-override	FElysiumNpcSabbatLeader
CNPC_VSabbatLeader	580	0x103a5ca0	rule	no-override	FElysiumNpcSabbatLeader
CNPC_VScurrying	138	0x103ac470	rule	no-override	FElysiumNpcScurrying
CNPC_VScurrying	366	0x103601e0	rule	no-override	FElysiumNpcScurrying
CNPC_VScurrying	434	0x10360180	rule	no-override	FElysiumNpcScurrying
CNPC_VScurrying	471	0x103aca60	rule	no-override	FElysiumNpcScurrying
CNPC_VScurrying	473	0x1035f540	present	no-override	FElysiumNpcScurrying
CNPC_VScurrying	580	0x103abba0	rule	no-override	FElysiumNpcScurrying
CNPC_VScurrying	587	0x1035ebf0	rule	no-override	FElysiumNpcScurrying
CNPC_VSheriffMan	127	0x103ae7f0	mechanism	no-override	FElysiumNpcSheriffMan
CNPC_VSheriffMan	138	0x103c4f20	rule	no-override	FElysiumNpcSheriffMan
CNPC_VSheriffMan	376	0x103858b0	present	no-override	FElysiumNpcSheriffMan
CNPC_VSheriffMan	378	0x1035c190	rule	no-override	FElysiumNpcSheriffMan
CNPC_VSheriffMan	433	0x103aeb50	present	no-override	FElysiumNpcSheriffMan
CNPC_VSheriffMan	434	0x10385a30	rule	no-override	FElysiumNpcSheriffMan
CNPC_VSheriffMan	473	0x103846e0	rule	no-override	FElysiumNpcSheriffMan
CNPC_VSheriffMan	525	0x103c5fe0	rule	no-override	FElysiumNpcSheriffMan
CNPC_VSheriffMan	580	0x103ae4b0	rule	no-override	FElysiumNpcSheriffMan
CNPC_VTaxiDriver	72	0x103b2f50	rule	no-override	FElysiumNpcTaxiDriver
CNPC_VTaxiDriver	138	0x103b3630	rule	no-override	FElysiumNpcTaxiDriver
CNPC_VTaxiDriver	142	0x103b3910	rule	no-override	FElysiumNpcTaxiDriver
CNPC_VTaxiDriver	144	0x103b3950	rule	no-override	FElysiumNpcTaxiDriver
CNPC_VTaxiDriver	376	0x103858b0	present	no-override	FElysiumNpcTaxiDriver
CNPC_VTaxiDriver	390	0x103b3930	rule	no-override	FElysiumNpcTaxiDriver
CNPC_VTaxiDriver	434	0x10385a30	rule	no-override	FElysiumNpcTaxiDriver
CNPC_VTaxiDriver	473	0x103846e0	rule	no-override	FElysiumNpcTaxiDriver
CNPC_VTaxiDriver	580	0x103b2f70	rule	no-override	FElysiumNpcTaxiDriver
CNPC_VTzimisce	70	0x103b9020	rule	no-override	FElysiumNpcTzimisce
CNPC_VTzimisce	138	0x103ba230	rule	no-override	FElysiumNpcTzimisce
CNPC_VTzimisce	244	0x103b6e10	rule	no-override	FElysiumNpcTzimisce
CNPC_VTzimisce	304	0x10390fd0	rule	no-override	FElysiumNpcTzimisce
CNPC_VTzimisce	324	0x103b6db0	rule	no-override	FElysiumNpcTzimisce
CNPC_VTzimisce	325	0x103b6d90	rule	no-override	FElysiumNpcTzimisce
CNPC_VTzimisce	389	0x103bfd80	rule	no-override	FElysiumNpcTzimisce
CNPC_VTzimisce	410	0x103bf580	rule	no-override	FElysiumNpcTzimisce
CNPC_VTzimisce	473	0x103ba000	rule	no-override	FElysiumNpcTzimisce
CNPC_VTzimisce	489	0x103b9360	rule	no-override	FElysiumNpcTzimisce
CNPC_VTzimisce	492	0x103b95e0	rule	no-override	FElysiumNpcTzimisce
CNPC_VTzimisce	493	0x103b9600	rule	no-override	FElysiumNpcTzimisce
CNPC_VTzimisce	494	0x103b9620	rule	no-override	FElysiumNpcTzimisce
CNPC_VTzimisce	495	0x103b9640	rule	no-override	FElysiumNpcTzimisce
CNPC_VTzimisce	509	0x103b9ef0	rule	no-override	FElysiumNpcTzimisce
CNPC_VTzimisce	533	0x103ba250	present	no-override	FElysiumNpcTzimisce
CNPC_VTzimisce	550	0x103b6e30	rule	no-override	FElysiumNpcTzimisce
CNPC_VTzimisce	580	0x103b6e50	rule	no-override	FElysiumNpcTzimisce
CNPC_VTzimisce	587	0x10391010	rule	no-override	FElysiumNpcTzimisce
CNPC_VTzimisce	617	0x10366510	rule	no-override	FElysiumNpcTzimisce
CNPC_VTzimisceHeadClaw	70	0x103c1520	rule	no-override	FElysiumNpcTzimisceHeadClaw
CNPC_VTzimisceHeadClaw	304	0x10390fd0	rule	no-override	FElysiumNpcTzimisceHeadClaw
CNPC_VTzimisceHeadClaw	324	0x103c12e0	rule	no-override	FElysiumNpcTzimisceHeadClaw
CNPC_VTzimisceHeadClaw	325	0x103c12c0	rule	no-override	FElysiumNpcTzimisceHeadClaw
CNPC_VTzimisceHeadClaw	580	0x103c1300	rule	no-override	FElysiumNpcTzimisceHeadClaw
CNPC_VTzimisceHeadClaw	587	0x10391010	rule	no-override	FElysiumNpcTzimisceHeadClaw
CNPC_VTzimisceHeadClaw	617	0x10366510	rule	no-override	FElysiumNpcTzimisceHeadClaw
CNPC_VTzimisceRunner	70	0x103c32a0	rule	no-override	FElysiumNpcTzimisceRunner
CNPC_VTzimisceRunner	304	0x10390fd0	rule	no-override	FElysiumNpcTzimisceRunner
CNPC_VTzimisceRunner	324	0x103c30a0	rule	no-override	FElysiumNpcTzimisceRunner
CNPC_VTzimisceRunner	325	0x103c3080	rule	no-override	FElysiumNpcTzimisceRunner
CNPC_VTzimisceRunner	329	0x103c30c0	rule	no-override	FElysiumNpcTzimisceRunner
CNPC_VTzimisceRunner	335	0x103c3cd0	rule	no-override	FElysiumNpcTzimisceRunner
CNPC_VTzimisceRunner	336	0x103c3d10	rule	no-override	FElysiumNpcTzimisceRunner
CNPC_VTzimisceRunner	399	0x103c3040	rule	no-override	FElysiumNpcTzimisceRunner
CNPC_VTzimisceRunner	580	0x103c30e0	rule	no-override	FElysiumNpcTzimisceRunner
CNPC_VTzimisceRunner	587	0x10391010	rule	no-override	FElysiumNpcTzimisceRunner
CNPC_VTzimisceRunner	617	0x10366510	rule	no-override	FElysiumNpcTzimisceRunner
CNPC_VVampire	138	0x103c4f20	rule	no-override	FElysiumNpcVampire
CNPC_VVampire	376	0x103858b0	present	no-override	FElysiumNpcVampire
CNPC_VVampire	434	0x10385a30	rule	no-override	FElysiumNpcVampire
CNPC_VVampire	473	0x103846e0	rule	no-override	FElysiumNpcVampire
CNPC_VVampire	580	0x103750e0	rule	no-override	FElysiumNpcVampire
CNPC_VVampireBoss	127	0x103c5910	mechanism	no-override	FElysiumNpcVampireBoss
CNPC_VVampireBoss	138	0x103c4f20	rule	no-override	FElysiumNpcVampireBoss
CNPC_VVampireBoss	376	0x103858b0	present	no-override	FElysiumNpcVampireBoss
CNPC_VVampireBoss	378	0x1035c190	rule	no-override	FElysiumNpcVampireBoss
CNPC_VVampireBoss	434	0x10385a30	rule	no-override	FElysiumNpcVampireBoss
CNPC_VVampireBoss	473	0x103846e0	rule	no-override	FElysiumNpcVampireBoss
CNPC_VVampireBoss	525	0x103c5fe0	rule	no-override	FElysiumNpcVampireBoss
CNPC_VVampireBoss	580	0x1035c1b0	rule	no-override	FElysiumNpcVampireBoss
CNPC_VWerewolf	70	0x103ccb50	rule	no-override	FElysiumNpcWerewolf
CNPC_VWerewolf	78	0x103d4a20	rule	no-override	FElysiumNpcWerewolf
CNPC_VWerewolf	113	0x103cb200	present	no-override	FElysiumNpcWerewolf
CNPC_VWerewolf	316	0x103ca6d0	rule	no-override	FElysiumNpcWerewolf
CNPC_VWerewolf	318	0x103ca6f0	rule	no-override	FElysiumNpcWerewolf
CNPC_VWerewolf	319	0x103ca710	rule	no-override	FElysiumNpcWerewolf
CNPC_VWerewolf	328	0x103ca730	rule	no-override	FElysiumNpcWerewolf
CNPC_VWerewolf	580	0x103ca750	rule	no-override	FElysiumNpcWerewolf
CNPC_VWerewolf	587	0x10391010	rule	no-override	FElysiumNpcWerewolf
CNPC_VWerewolf	600	0x103cb7f0	present	no-override	FElysiumNpcWerewolf
CNPC_VWerewolf	615	0x103ca6b0	rule	no-override	FElysiumNpcWerewolf
CNPC_VWerewolf	617	0x103da230	rule	no-override	FElysiumNpcWerewolf
CNPC_VWolfMorph	376	0x103858b0	present	no-override	FElysiumNpcWolfMorph
CNPC_VWolfMorph	434	0x10385a30	rule	no-override	FElysiumNpcWolfMorph
CNPC_VWolfMorph	473	0x103846e0	rule	no-override	FElysiumNpcWolfMorph
CNPC_VWolfMorph	580	0x103dc750	rule	no-override	FElysiumNpcWolfMorph
CNPC_VYukie	138	0x103dd650	rule	no-override	FElysiumNpcYukie
CNPC_VYukie	363	0x103ddaa0	rule	no-override	FElysiumNpcYukie
CNPC_VYukie	376	0x103858b0	present	no-override	FElysiumNpcYukie
CNPC_VYukie	434	0x10385a30	rule	no-override	FElysiumNpcYukie
CNPC_VYukie	473	0x10387180	rule	no-override	FElysiumNpcYukie
CNPC_VYukie	580	0x103dd050	rule	no-override	FElysiumNpcYukie
CNPC_VZombie	138	0x103df280	rule	no-override	FElysiumNpcZombie
CNPC_VZombie	366	0x103601e0	rule	no-override	FElysiumNpcZombie
CNPC_VZombie	434	0x10360180	rule	no-override	FElysiumNpcZombie
CNPC_VZombie	473	0x103df260	present	no-override	FElysiumNpcZombie
CNPC_VZombie	580	0x103de2b0	rule	no-override	FElysiumNpcZombie
CNPC_VZombie	587	0x1035ebf0	rule	no-override	FElysiumNpcZombie
CPayphone	35	0x101aa950	rule	no-override	FElysiumNpcPayphone
CPayphone	45	0x101aaf80	rule	no-override	FElysiumNpcPayphone
CPayphone	72	0x101aa930	rule	no-override	FElysiumNpcPayphone
CPayphone	117	0x101aa7d0	rule	no-override	FElysiumNpcPayphone
CPayphone	138	0x101aabd0	rule	no-override	FElysiumNpcPayphone
CPayphone	286	0x101aad90	rule	no-override	FElysiumNpcPayphone
CPayphone	294	0x101aa8d0	rule	no-override	FElysiumNpcPayphone
CPayphone	359	0x101aae20	rule	no-override	FElysiumNpcPayphone
CPayphone	362	0x101aa870	rule	no-override	FElysiumNpcPayphone
CPayphone	363	0x101aa850	rule	no-override	FElysiumNpcPayphone
CPayphone	431	0x101aabf0	rule	no-override	FElysiumNpcPayphone
CPayphone	612	0x101aadb0	mechanism	no-override	FElysiumNpcPayphone
CPayphone	615	0x101aa8f0	rule	no-override	FElysiumNpcPayphone
