story	tracker_row	landed	what_it_claims	tests_named_in_landing_count	live_check_recorded	named_modernizations_changing_state_or_event_order	handoffs_to_rows_not_landed	defects_found_since	risk
0019/1 strict verdict pass	02	2026-09-21	2,544 overlay rows re-judged (rule 2,205->1,354, dead 0->657, mechanism 175->380); delete-list.md and seam-list.md held by kernel_lists --check; 20 uninstantiable classes	0 new (NpcKernelS* 188/188 unchanged; kernel_lists --check)	none (n/a: verdict data, no runtime change)	-	goal type 5 -> 0018/5 (closed; type 5 unobservable); hint-800 arm -> 0002/10g row 34 (its reach cut does not mention it)	10 dead misverdicts re-verdicted rule in 0019/6 (species GetUsedHullBits, GetLocalTaskId, OnRestore 0x1027bf50); m_flRadius corrected in 0019/5 A3	L
0019/2 datamap bindings (passes A, B, C)	03, 03b	2026-09-16 / 2026-09-21	NPC chain bindings generated (215 keyed rows, 37 gaps), SAVE walk 198 rows, component serializers split, slot-130 OnRestore wired via OnPostRestore	2 (NpcKernelBindings.Counts, .SaveRoundTrip) + 6 component suites moved to Freeze/ApplySnapshot	unobservable (no live load verb; restore proven only by SaveRoundTrip, per 0019/6)	restart-not-resume of a restored program (task cursor +0x5c50 unsaved; slot 435 releases 12 walk rows), stated as a divergence	restart-not-resume: no row owns it	in-story: OnDormancyChanged reset the four m_flNext*Think on every load (fixed); 0019/8 wave 2: dead NPCs revived after a load, +0x200 m_lifeState unsaved (fixed)	H
0019/3 schedule seam	04	2026-09-22	691 texts load from the deployed corpus; id spaces; parser 0x1030d850 arm for arm; 28 hand programs and the closed enum deleted; census 26 bound / 488 unported identities	4 (ScheduleIdSpace 5, ScheduleText 9, ScheduleIntegration.ChaseFailureWitness, two-word flag test)	none (tests only; first map run was the 0019/8 smoke, 2026-09-28)	lateral cover by Unreal capsule overlap/sweep (a capsule is not retail's hull box: pass/fail can flip at edges)	cover-node inputs -> 0018/4-5 (landed); flying mover -> 0018/12 (row 18)	0019/8 StartTask19 review: task-id-kind defect (global id switched as local in all three StartTask giants); 0018/5: ChangeSchedule 0x10280de0 installed untranslated ids; 0019/7: GTaskArms missed Troika 0x11f and rat 0x14a	M
0019/4 tunables table	05	2026-09-22	kernel_tunables.tsv 99 rows re-read from the image; 83 inline constants and ~20 0.0 stand-ins now retail (melee range 100, health 10, view-cone 40, hint height 64)	1 (NpcKernelTunables.ConVars) + claw-origin regressions	none (tests only, though shipped values changed live behaviour)	-	344 inline cells -> row 11 (closed 438->0)	in-story review: claw-origin ConVars not converted to cm; pre-existing kernel_shape --check failure (fixed 2026-09-23)	M
0019/5 class tree	06b	2026-09-27	56 live retail classes are C++ classes; string-keyed lookup, IsRetailClass, vocalisation table deleted; compile-checked override census; unported 987->778	5 (NpcKernelShape.Overrides, NpcKernelClass.TreeMatchesCensus, RegistryMatchesFactories, RetailHull.Constructors, NpcKernelShape.FieldOwners)	yes (five-map smoke: porch controller, cameras, cut-scene, zombie makers, weapon deploy, pedestrians, rotating door)	non-solid controller motor; same-frame controller removal; director 0.05 s beat; restart-not-resume on revisit; ground-ray lift and clamp; Non Troika child removal; StartHidden not replayed onto a child; self-removing child returns null	handoff-story-8.md residue with 0019 closed and no open row: Weapon_Switch 0x1032dde0 and MemberSync 0x10337ca0 (still stub tallies), CAI_Hint ObjectCaps 0x102d2ee0, slot-166 dispatch, CCineAI slot-440 0x2a/0x2e, m_saved_troika_flags, hidden makers (+0xe4), controller solidity and velocity pin, 0x1033f6d0 / 0x10170090 callers	0019/8 smoke: late NPCInit 0x10273390 never started its NPC (2fcc21cb); hw_warrens_4 iris_clip door never reaches AtTop (no row); 0018/8: thug_3 unhidden from StartHidden has no body owner	H
0019/6 deletions and mechanism seams	11	2026-09-29	dead 653/653 closed; mechanism 330/372 (42 kept hand:); inline cells 438->0; new IElysiumNpcMotor seams; unported 450->393	~60 added, unnamed (Visual.NpcBody 10, Map 4+1, Content 23+2)	yes, partial (tutorial and hub idle, 0 closed-slot fires, hub save freezes 331 records; restore unobservable: no live load verb)	- (divergences only: slot 69 per think)	RE-43 per-row moves "to 0002 as it reaches each" (no row); skill-level seam answering 1 (no owner); 0018/6 items handed to row 11 and not named in this landing: closed-room fixture, Werewolf fake-hull check, TestGroundMove stand chain, nav-filter arm (f), path-test budget	RE-40/41 banked the same day (Chang energy ball forward/up swapped, fixed)	M
0019/7 reach cut	12	2026-09-29	kernel_ledger --reach per map; every 0002 story re-sized by an audit against the port; two GTaskArms omissions fixed	5 (test_kernel_reach.py) + Schedule 32/0	none (n/a: tooling)	-	found and owned by no row: 13 of the 19 missing NPC inputs; VSound table (SpeakVSound seam, 0x101f5950); GTaskArms generated check; DIST:ACCUM pull-forward; RE-44 queued -> rows 28/32/34/35/40	-	M
0019/8 = 0002/29e band 19-29	06	2026-09-28	380 rule rows ported; retail loop live (NPCThink->RunAI->433->Maintain->437/438->442/444); damage via 142/390, death via 144; 82 twins -> 4; forwarding 210->0	13 family suites (273+117 cases) + LateNPCInitThinksInline + 3 patrol tests; Substrate 1,710/0	yes, partial (three smokes, idle only: no combat or death, 54 of 60 baseline stub surfaces unreached)	sequence bridge (resolver's primary clip replaces the weighted sequence pick); body-claim arbitration (EElysiumBodyOwner gates the kernel's own clip commits: "playback only"); flinch order (event-order divergence until slot 141 has a producer)	per-level curtime -> "world/session"; SetAttackExtentsForSequence 0x10090c80 -> "animation"; .classname -> "scripts"; slot 141 producer; none is a row	story8/arena-run.md (uncommitted): TASK_RANGE_ATTACK1 never completes, play_cover_outof never completes, 0xef ignores its interrupts, face_enemy 13.4 s, dead body stays standing, COND 0x29 unnamed; story8/findings-R3-weapon-range.md: CAN_RANGE_ATTACK1 edges misported (item Range x U instead of weapon +0x8b8/+0x8c0)	H
0018/1 census and query surface	pre-tracker	2026-09-16	census and helper-operation surface in population.md	0	none (n/a: survey)	-	-	pass-1 undercount corrected in-story	L
0018/2 baked infrastructure actors	pre-tracker	2026-09-19	hint, place, maker and placed-NPC actors baked and adopted by index; hint entity class with inputs	1 suite (Content.InfraActors.*)	yes (three maps boot Active; blueblood maker spawns at +1.25 s)	-	-	three units refused by the legacy lump reader (fixed by 21-7)	L
0018/3 contents world, NavMesh, agents	pre-tracker	2026-09-20	contents signatures, sight channel, 14 agents, per-agent baked NavMesh, verify nav harness	4 (Content.MapCollision, Content.NavArea, test_map_nav_doors.py, verify nav)	yes (boots; sight admission read from engine.dll rather than captured live, witnessed later in 0018/6)	agent slope limit 0.7 where retail's motor has none; boundary: reach beyond retail's sparse graph	closing-note homes loop back: step-height outliers 3->5->"story 3's harness report"; prop contents handed back here by 5 and 7 after this story closed	in-story review: four High defects (fixed eed07f14)	M
0018/4 place set	07	2026-09-29	DA_<map>_Places per map; node binding by the CNodeEnt counter; cooldown +0x9c; hint +0xa0; capped point wander	7 (PlaceSet.*, PlaceSeams.*, Content.Places.{Tutorial,Hub,WanderHub}, test_map_places, test_bake_places)	yes, partial (wander pick forced on the copcar cops; nothing issues 0x1f at hub idle)	capped point pick for TASK_GET_PATH_TO_RANDOM_NODE (endpoint, draw count, detour redraws; TASK_WANDER fallback fails 0x18)	cooldown claim write -> row 15; report pins -> 21-9; rat noise -> 21-10	monk 0x1d after a cold map_load (row 17 note, unattributed)	M
0018/5 navigator and movement seam	08	2026-09-29	navigator words at retail offsets; NavigatorMoveStep = Move 0x102eff40 row for row; retry window; pedestrian filter; 0.8 s gate; ChangeSchedule translates	~45 (Navigator.*, MoveStep.*, Visual.NpcBody.MoveFacts.*, Think19.Gate.*, NavArea.PedestrianFilter, pedestrian census)	yes (three hub smokes; unblocked cop arrives 1.0 cm)	NPC hold starts after Unreal's follower gives up, not at first contact; Success end counts as arrival; re-issued leg's Blocked end judged at re-issue time (~5 s against retail's 3.0 s)	copcar -> 3 / row 13 -> back to story 3 (closed); step-rise pin -> story 3 (closed); UpdateTargetPos 0x10271b10 (0002/10j says 0018/5 owns it; absent here)	found and fixed the same day: NPC hold re-armed every 14.8 s	H
0018/6 geometry services	09	2026-09-29	TraceRetail, QueryRoute, NavRaycast, stand test, IsValidCover, IsAreaClear, CanFitAtNode, FVisible four probes	5 fixtures (NavMesh spike skipped)	yes, partial (sightlane, occlusion, stand, cover, route live; closed room and reachability never fixture-tested)	- (divergences: NavMesh raycast for MoveLimit's ground arm; target hull exempt under a MONSTER ray)	row 19 weapon LOS mask (owned); row 11 items absent from 0019/6's landing; RE-39 queued with a closed owner	latent cm/Source-unit bug fixed in-story	M
0018/7 traversals	13	2026-09-30	jumps faithful (no NPC holds bits_CAP_MOVE_JUMP, links baked disabled); doors (slot 531 from both dispatchers, NPC-open data, HitTop chain); crosswalk splice, wait test 0x102a0bc0, queue arm 0x10298340	15 (NpcDoorLink x8, NpcCrosswalk x5, Content.Places.HubCrosswalks, Content.NavJumpLink.Tutorial)	yes, partial (jumps live; crosswalk wait and locked-door refusal unobservable because every hub pedestrian runs the ambient executor; closed on tests)	QueryRoute for BuildLocalRoute in slot 531 arm 7; hull sweep with Triangulate answering "blocked" for CheckStaleRoute; boundary: the mesh walks every jump-only pair retail refuses (hub 117/117)	row 36 (owned); story 3 contents / step height (closed); 0002/26 launch direction (no row); RE-45/46/47 queued with a closed owner	ThinkSchedulePolicy releases the held place under any program (row 36)	H
0018/8 hint nodes (landed, box open)	14	2026-09-30 (uncommitted)	four hint searches; claim/release/owner/available; three validators; hint LOS 0x102968f0; idle gate 0x102b5de0; kick-hide walk; CoverRadius; hint_rating via NPC_Cover_Distance_Scalar	23 (HintSearch x13, NpcKernelHints +3, CoverNodeFacing, Content.Hints.* x6)	unobservable on retail maps (three attempts blocked outside the story); claims seen only in the synthetic Green Room arena (arena-run.md, uncommitted)	- (divergences: ClassMask re-derived on restore, RE-49)	rows 15 and 32 (owned); weapon +0x8c0 -> "family Motor's" (0019 closed); BodyTarget stub; thug_3 lifecycle; Sighted() for SetRelationship-flipped NPCs; dialogue blinds perception; map_load keeps state; TakeDamage without last-damage record; none is a row	arena-run.md defects (see 0019/8); findings-R3-weapon-range.md	H
0018/21-1 selectors and legacy arms	pre-tracker	2026-09-20	transport selectors and legacy runtime arms deleted	1 (export gate test rewritten)	yes (witnesses boot Active)	-	seven graphless maps -> 21-8 (on demand)	-	L
0018/21-2 one bake command, five maps	pre-tracker	2026-09-21	imports fold into bake map; five maps stand	0 new (verify nav, MapCollision, NavArea reused)	yes (five maps boot with no build)	-	-	-	L
0018/21-3 level carries everything	pre-tracker	2026-09-21	the game opens nothing under the export root	2 (test_map_ropes 16, test_bake_map_ropes 7)	yes (export dirs renamed away)	-	.ents still opened by elysium.ents and two fixtures	-	L
0018/21-4 no legacy directory	pre-tracker	2026-09-21	a map bakes from its published units in one command	0 new	yes (clean-room bake of sp_genesisdevice_1)	-	-	-	L
0018/21-5 decoder deleted	pre-tracker	2026-09-21	UE_bsp_to_scene, UE_extract_corpus, CorpusBake deleted	0 (test_legacy_map_native_props deleted)	yes (wire report 0 unknown)	-	MapBakeV2 native-reference embedding has no unit coverage (owed, no row)	-	L
0018/21-6 no export root	pre-tracker	2026-09-21	the game opens no file outside the project	2 (Substrate.UiStrings, Content.UiStrings)	yes (menu boots off the deployed table)	-	vdata lane off corpus_deploy; 8 engine-config units undeployed; cook writability -> row 50	-	L
0018/21-7 producer's debt	01	2026-09-21	entity lump read structurally; five divergence flags gone; one output parser; Use and times 0	0 new (pytest 4,166; Substrate 458)	yes (six maps travel; hub setArea call restored)	-	-	-	L
0002/29 kernel ledger	pre-tracker	<=2026-09-13	kernel_ledger writes docs/vtmb/npc-kernel/	2 (test_kernel_ledger, test_oracle_citations)	none (n/a: tooling)	-	-	-	L
0002/29a naming pass	pre-tracker	2026-09-13	harvest passes; core unnamed 2,155->1,371 (acceptance half unmet by decision)	0 (leave-one-out 112/0)	none (n/a)	-	-	-	L
0002/29a-1 CRT and accessors	pre-tracker	2026-09-13	CRT byte match and accessor naming passes	2 (test_crt_match, test_accessor_pass)	none (n/a)	-	-	-	L
0002/29b-0 shape recovery	pre-tracker	2026-09-13	every word typed, every slot's signature (kernel_shape)	0	none (n/a)	-	-	-	L
0002/29b shape declared	pre-tracker	2026-09-13	gen_kernel_shape declares every field and slot	2 (NpcKernelShape.Census/.Map, test_gen_kernel_shape)	none (n/a: declarations)	-	-	-	L
0002/29c primitives in bulk	pre-tracker	2026-09-13	1,732 verdicts layers 0-9; constant bodies emitted; ParseGroupMask	2 (NpcKernelSlots.Defaults, NpcGroupMask)	none (tests only)	-	3 unsettled incl. 0x102702d0 (DIST:ACCUM; RE-44 -> row 40)	0x102702d0 is the live DIST:ACCUM defect on every tutorial combatant (0019/7)	M
0002/29c-1 primitive bodies	pre-tracker	2026-09-13	915 rule bodies layers 0-9 in 22 families	22 suites (275 cases)	none (tests only; not on the live path until 0019/8 wave 2)	-	145 non-core CBaseEntity/CBaseAnimating stubs ("CBaseEntity's story", no row); Yukie #602 unwired	0019/5 replaced its class lookup; 35+ one-line walks corrected in-story	M
0002/29d the middle	pre-tracker	2026-09-14	344 verdicts layers 10-18; 269 rule ported	13 suites (236 cases)	none (tests only; Precache/Save/Restore deliberately unwired)	-	ghoul touch burn -> CBaseEntity::TakeDamage (0005); VSound concept list (no owner)	three defects in landed work found in-story	M
0002/29e loop and state machine	06	2026-09-28	closed under 0019/8 (see that row)	see 0019/8	yes, partial (as 0019/8); the 0002 text still says the smoke "has not run"	as 0019/8	as 0019/8	as 0019/8	H
0002/1 target surface and light query	pre-tracker	<=2026-09-12	per-worldlight light query; trigger_stealth_mod; eligibility	0	none (0002's witness never played)	-	-	-	M
0002/2 light gauge producer	pre-tracker	<=2026-09-12	HUD light row published	0	none	-	-	-	L
0002/3a stealth kill rules and arc	pre-tracker	<=2026-09-12	StealthKillRules loader, deaf arc, minimum depth	0	none	-	-	-	L
0002/3b stealth kill victim selection	pre-tracker	<=2026-09-12	FindVictim 0x101be1f0 with cache; oblivious any-angle	0	none	-	-	-	M
0002/3c stealth kill commitment	pre-tracker	<=2026-09-12	input commit, grapple type 3 pair, synchronized death	0	none (the tutorial lesson never played)	-	-	0019/8 wave-2 review: the stealth kill had no attacker (fixed via the 0x10165d90 packet)	H
0002/4 committed observer snapshot	pre-tracker	<=2026-09-12	HUD reads committed state only	0	none	-	-	-	L
0002/5 enemy memory	pre-tracker	<=2026-09-12	CAI_Memory records, UpdateEnemyMemory, BestEnemy, ChooseEnemy null-schedule rule	0	none	-	-	0019/8 reviews: ClearMemory 0x102dfaa0 did not unlink; forgets refused a lower priority; 0x102dfed0 answered the live origin in three places	H
0002/6a sight and hearing	pre-tracker	<=2026-09-12	prefilter, cadences, cone, outer band, hearing delay, ambient_generic sound_event	0	none	-	2-D cone mode seam; 0006 cloak producers (other spec)	0018/8: SetRelationship-flipped NPC never enters Sighted(); open dialogue blinds perception (gate unrecovered); Conditions19: PerformSensing split	H
0002/6b Troika cone override	pre-tracker	<=2026-09-12	FInViewCone slot 363 arms 1-3; arm 4 seam	0	none	-	arm 4 -> 16a (row 40)	-	L
0002/7 obliviousness	pre-tracker	<=2026-09-12	TASK_MAKE_OBLIVIOUS and consumers	0	none	-	squad disconnect -> 17 (row 41)	Misc19: feed end 0x1026d160 never ran, every fed NPC stayed oblivious (fixed)	M
0002/8 NPC flag word	pre-tracker	<=2026-09-12	62 flag names, SET/CLEAR tasks, slot-435 masks	0	none	-	-	-	L
0002/9 interest predicate	pre-tracker	<=2026-09-12	ShouldInvestigate 0x102b3270; base condition table	0	none	-	stay_entrenched arm -> 12a (row 31)	-	L
0002/13 TaskFail	pre-tracker	<=2026-09-12	base and Troika TaskFail with the bounded leak	0	none	-	catalogue entry -> 13b (row 48)	-	L
0002/14 SET_ACTIVITY on a miss	pre-tracker	<=2026-09-12	completes with no fail path	0	none	-	-	-	L
0002/19 jump links	pre-tracker	<=2026-09-12	NavLinkProxys with disabled-bit and capability filter; motor reports Jump	0	none	- (its "Unreal flight service" is moot)	-	superseded by 0018/7: no shipped NPC holds bits_CAP_MOVE_JUMP, so no jump link is ever taken	L
0002/20 the trance	pre-tracker	<=2026-09-12	FeedInterrupt -> SCHED_TROIKA_MESMERIZED; DELAY_INTERRUPTS	0	none (the witness's trance never played)	-	-	feed end (as 0002/7)	M
0002/23 NPC debugger	pre-tracker	<=2026-09-12	GameplayDebugger category and visual logger	0	none	- (visual-only, allowed)	-	-	L
0002/15 think cadence	pre-tracker	2026-09-12	four stamps and laws, reduced mode, pins, slot 614/583/584 resets, AI gate	0	none	-	motor contact/gravity/turn-pose arms ("no story yet"); boss registry ("a boss story"); no rows	0018/5: the 14.8 s out-of-PVS law surfaced the hold re-read defect (fixed); 0019/8 smoke: per-level curtime not restarted	M
0002/10a sound sweep	pre-tracker	<=2026-09-12	0x102b1cd0, gate, three conditions, CommitBestSound	0	none	-	shared list -> 0018/13 (row 19)	RE-44: +0x60dc saved vs unsaved; 10d: +0x60dc never mirrored (row 28)	M
0002/10b see-unknown sweep	pre-tracker	2026-09-12	0x102b15c0, five conditions, initial-response roll	0	none	-	-	-	L
0002/10c comfort sweep	pre-tracker	2026-09-12	0x102b1a20 with m_hTargetEnt	0	none	-	squad test via 17 (rows 20/41)	-	L
0002/25 failure route and random wait	pre-tracker	2026-09-13	FAIL 0x43 / IDLE_STAND install through slot 440; next-pass route; TASK_WAIT_RANDOM floor	0	none	-	25c (no tracker row); 25a row 26; 25b row 27; 21a row 44	retry-window wait missing (closed by 0019/8's SetGoal unification)	L
